path,module,exists,size,title,charset_meta,h1_count,suspicious,broken_internal_links,notes
ai_tools/_landing/ai_platforms.html,ai_tools,1,2936,AI平台导览 - AI Tools,UTF-8,1,,0,
ai_tools/_landing/media_tools.html,ai_tools,1,2964,媒体工具导览 - AI Tools,UTF-8,1,,0,
ai_tools/404.html,ai_tools,1,1237,工具開發中 - AI工具中心,UTF-8,1,404,0,
ai_tools/components/ai_tool_footer.html,ai_tools,1,3644,,,0,,7,EMPTY_TITLE;BROKEN_LINKS
ai_tools/components/ai_tool_navigation_enhanced.html,ai_tools,1,7893,,,0,,8,EMPTY_TITLE;BROKEN_LINKS
ai_tools/dashboard.html,ai_tools,1,31527,AI 工具中心 - 控制台,UTF-8,1,,0,
ai_tools/functions/ai_ask_homework_new.html,ai_tools,1,22856,AI 問功課助手 - 聖經學習,UTF-8,1,,0,
ai_tools/functions/ai_core.html,ai_tools,1,10107,AI 核心功能 AI Core － 聖經教與學,UTF-8,1,,0,
ai_tools/functions/ai_creative.html,ai_tools,1,8588,創意助手 Creative － 聖經多媒體教材,UTF-8,1,,0,
ai_tools/functions/ai_lesson_design.html,ai_tools,1,45707,課程設計助手 - 聖經教學課程設計,utf-8,0,,0,NO_H1
ai_tools/functions/ai_text_to_image_fixed.html,ai_tools,1,13894,文字轉圖片（聖經插圖／連環圖）,utf-8,0,,1,NO_H1;BROKEN_LINKS
ai_tools/functions/B_test.html,ai_tools,1,12049,聖經一百步 - 智慧型工作檯 (一體化版本),UTF-8,0,test|B_test,0,NO_H1
ai_tools/functions/B_智慧一站式教室 test.html,ai_tools,1,12047,聖經一百步 - 智慧一站式教室,UTF-8,1,test,0,
ai_tools/functions/temp_index_plugin.html,ai_tools,1,7159,聖經一百步 - 智慧型主控台,UTF-8,0,temp,0,NO_H1
ai_tools/guides/beginner_tutorial.html,ai_tools,1,2,,,0,,0,EMPTY_TITLE;NO_H1
ai_tools/guides/prompt_writing_guide.html,ai_tools,1,5993,📖 Prompt 設計指南 - 聖經教學 AI 工具中心,UTF-8,1,,0,
ai_tools/index.html,ai_tools,1,13102,AI 工具中心 - Bible 100 Steps Four Treasures,UTF-8,0,,16,NO_H1;BROKEN_LINKS
ai_tools/pages/ai_agent_apps.html,ai_tools,1,21410,AI Agent 工具 - 聖經遊戲應用開發,utf-8,0,,0,NO_H1
ai_tools/pages/ai_lesson_plan.html,ai_tools,1,14398,課程設計與活動（AI 協作備課）,utf-8,0,,1,NO_H1;BROKEN_LINKS
ai_tools/pages/ai_qa_system.html,ai_tools,1,21577,AI 智能問答系統 - 聖經學習助手,utf-8,0,,0,NO_H1
ai_tools/pages/ai_quiz_generator.html,ai_tools,1,35606,測驗生成器 - 聖經測驗作業,utf-8,0,,0,NO_H1
ai_tools/pages/ai_text_to_image.html,ai_tools,1,18619,文字轉圖像 Text to Image － 聖經插圖,UTF-8,1,,0,
ai_tools/pages/ai_text_to_music.html,ai_tools,1,16767,文字轉音樂 Text to Music － 聖經背景音樂創作,UTF-8,1,,0,
ai_tools/pages/ai_text_to_speech.html,ai_tools,1,17503,文字轉語音 Text to Speech － 聖經朗讀配音,UTF-8,1,,0,
ai_tools/sidebar.html,ai_tools,1,10642,AI 工具中心 - 侧边栏 (無 JS 機關版),UTF-8,0,,0,
ai_tools/tools/ai_media_embed_new.html,ai_tools,1,20459,🎬 YouTube播放列表製作教學 - AI工具,UTF-8,1,,0,
ai_tools/tools/ai_text_to_video.html,ai_tools,1,25601,文生視頻 - 聖經故事視頻創作平台,utf-8,1,,0,
ai_tools/tools/bible_prompt_generator.html,ai_tools,1,9588,聖經Prompt生成器 - AI工具中心,UTF-8,1,,0,
ai_tools/tools/creative_tools_landing.html,ai_tools,1,5208,🎨 創作工具 Creative Tools - 聖經教學專區,UTF-8,1,,0,
ai_tools/tools/timestamp_playlist_generator.html,ai_tools,1,62804,時間戳播放列表生成器 - 多平台支持,utf-8,0,,0,NO_H1
ai_tools/tools/youtube_media_embed_tool.html,ai_tools,1,37112,YouTube媒體嵌入工具 - 快速嵌入與時間戳播放列表,UTF-8,2,,0,MULTI_H1
ai_tools/tools/youtube_playlist_tutorial.html,ai_tools,1,37241,🎬 YouTube播放列表製作教學 - AI工具,UTF-8,2,,1,MULTI_H1;BROKEN_LINKS
ai_tools/youtube_embed_generator.html,ai_tools,1,4649,YouTube嵌入代码生成器,utf-8,0,,0,NO_H1
bible_study/_landing/commentaries_landing.html,bible_study,1,4080,注释书导览 - Bible Study,UTF-8,1,,0,
bible_study/_landing/dictionaries_landing.html,bible_study,1,3434,圣经词典导览 - Bible Study,UTF-8,1,,0,
bible_study/_landing/geography_history.html,bible_study,1,4502,聖經地理歷史 - Bible Geography & History,UTF-8,1,,0,
bible_study/_landing/navigation.html,bible_study,1,16163,聖經導航中心 - Bible Study,UTF-8,1,,1,BROKEN_LINKS
bible_study/_landing/navigation_v2_tiny.html,bible_study,1,23667,聖經導航中心 - Bible Study,UTF-8,1,,1,BROKEN_LINKS
bible_study/_landing/navigation_v3_half.html,bible_study,1,20385,聖經導航中心 v3.0 - 縮一半版,UTF-8,1,,1,BROKEN_LINKS
bible_study/_landing/navigation_v4_standard.html,bible_study,1,20269,聖經導航中心 v4.0 - Dashboard 標準,UTF-8,1,,1,BROKEN_LINKS
bible_study/_landing/original_text_landing.html,bible_study,1,3945,原文工具导览 - Bible Study,UTF-8,1,,1,BROKEN_LINKS
bible_study/_landing/tools.html,bible_study,1,28390,聖經工具中心 v4.0 - Dashboard 標準,UTF-8,1,,0,
bible_study/_landing/versions.html,bible_study,1,23434,聖經版本中心 v4.0 - Dashboard 標準,UTF-8,1,,0,
bible_study/CACHE_BUSTER_測試.html,bible_study,1,5616,🧪 緩存清除測試頁,UTF-8,1,cache,2,BROKEN_LINKS
bible_study/commentaries/_landing.html,bible_study,1,29382,聖經書卷 · 釋經參讀 Bible Commentary | 註釋書中心,UTF-8,1,,0,
bible_study/commentaries/bible_project_66.html,bible_study,1,23981,BibleProject 66 卷導讀索引（可嵌入 YouTube）,UTF-8,1,,0,
bible_study/commentaries/reader.html,bible_study,1,5216,综合解读 - 通用注释阅读器,UTF-8,0,,0,NO_H1
bible_study/comprehensive_exegesis_reader.html,bible_study,1,45346,釋經參讀 Bible Commentary - Bible100,UTF-8,1,,0,
bible_study/crossref_reader.html,bible_study,1,19788,聖經串珠（交叉引用）工具,UTF-8,1,,0,
bible_study/dashboard.html,bible_study,1,11391,圣经研读 - 仪表板,UTF-8,1,,17,BROKEN_LINKS
bible_study/dictionary_reader.html,bible_study,1,9560,聖經詞典工具,UTF-8,1,,0,
bible_study/external_bible_reader.html,bible_study,1,14067,聖經版本 - 外站連結 - Bible100,UTF-8,0,,0,NO_H1
bible_study/favorites_reader.html,bible_study,1,18926,聖經收藏閱讀器,UTF-8,0,,1,NO_H1;BROKEN_LINKS
bible_study/FINAL_TEST_最終測試.html,bible_study,1,8285,🎯 Sidebar 最終測試,UTF-8,1,test|FINAL_TEST,3,BROKEN_LINKS
bible_study/index.html,bible_study,1,14755,聖經研讀中心 - Bible Study Center,UTF-8,0,,0,NO_H1
bible_study/NT/general_letters/index.html,bible_study,1,3467,一般書信 (8卷) | General Letters - 新約綜合解讀,UTF-8,1,,0,
bible_study/NT/general_letters/希伯來書.html,bible_study,1,2408,希伯來書 | 一般書信 - 新約綜合解讀,UTF-8,1,,0,
bible_study/NT/general_letters/彼得前書.html,bible_study,1,2407,彼得前書 | 一般書信 - 新約綜合解讀,UTF-8,1,,0,
bible_study/NT/general_letters/彼得後書.html,bible_study,1,2407,彼得後書 | 一般書信 - 新約綜合解讀,UTF-8,1,,0,
bible_study/NT/general_letters/約翰一書.html,bible_study,1,2406,約翰一書 | 一般書信 - 新約綜合解讀,UTF-8,1,,0,
bible_study/NT/general_letters/約翰二書.html,bible_study,1,2406,約翰二書 | 一般書信 - 新約綜合解讀,UTF-8,1,,0,
bible_study/NT/general_letters/約翰三書.html,bible_study,1,2406,約翰三書 | 一般書信 - 新約綜合解讀,UTF-8,1,,0,
bible_study/NT/general_letters/猶大書.html,bible_study,1,2392,猶大書 | 一般書信 - 新約綜合解讀,UTF-8,1,,0,
bible_study/NT/general_letters/雅各書.html,bible_study,1,2393,雅各書 | 一般書信 - 新約綜合解讀,UTF-8,1,,0,
bible_study/NT/gospels/index.html,bible_study,1,3153,福音書 (4卷) | Gospels - 新約綜合解讀,UTF-8,1,,0,
bible_study/NT/gospels/約翰福音.html,bible_study,1,2396,約翰福音 | 福音書 - 新約綜合解讀,UTF-8,1,,0,
bible_study/NT/gospels/馬太福音.html,bible_study,1,2399,馬太福音 | 福音書 - 新約綜合解讀,UTF-8,1,,0,
bible_study/NT/gospels/馬可福音.html,bible_study,1,2396,馬可福音 | 福音書 - 新約綜合解讀,UTF-8,1,,0,
bible_study/NT/gospels/路加福音.html,bible_study,1,2396,路加福音 | 福音書 - 新約綜合解讀,UTF-8,1,,0,
bible_study/NT/history/index.html,bible_study,1,2850,歷史書 (1卷) | History - 新約綜合解讀,UTF-8,1,,0,
bible_study/NT/history/使徒行傳.html,bible_study,1,2396,使徒行傳 | 歷史書 - 新約綜合解讀,UTF-8,1,,0,
bible_study/NT/index.html,bible_study,1,5035,新約綜合解讀 (27卷) | New Testament Commentary,UTF-8,1,,0,
bible_study/NT/paul_letters/index.html,bible_study,1,3892,保羅書信 (13卷) | Paul's Letters - 新約綜合解讀,UTF-8,1,,0,
bible_study/NT/paul_letters/以弗所書.html,bible_study,1,2409,以弗所書 | 保羅書信 - 新約綜合解讀,UTF-8,1,,0,
bible_study/NT/paul_letters/加拉太書.html,bible_study,1,2409,加拉太書 | 保羅書信 - 新約綜合解讀,UTF-8,1,,0,
bible_study/NT/paul_letters/帖撒羅尼迦前書.html,bible_study,1,2451,帖撒羅尼迦前書 | 保羅書信 - 新約綜合解讀,UTF-8,1,,0,
bible_study/NT/paul_letters/帖撒羅尼迦後書.html,bible_study,1,2451,帖撒羅尼迦後書 | 保羅書信 - 新約綜合解讀,UTF-8,1,,0,
bible_study/NT/paul_letters/哥林多前書.html,bible_study,1,2426,哥林多前書 | 保羅書信 - 新約綜合解讀,UTF-8,1,,0,
bible_study/NT/paul_letters/哥林多後書.html,bible_study,1,2426,哥林多後書 | 保羅書信 - 新約綜合解讀,UTF-8,1,,0,
bible_study/NT/paul_letters/提多書.html,bible_study,1,2393,提多書 | 保羅書信 - 新約綜合解讀,UTF-8,1,,0,
bible_study/NT/paul_letters/提摩太前書.html,bible_study,1,2421,提摩太前書 | 保羅書信 - 新約綜合解讀,UTF-8,1,,0,
bible_study/NT/paul_letters/提摩太後書.html,bible_study,1,2421,提摩太後書 | 保羅書信 - 新約綜合解讀,UTF-8,1,,0,
bible_study/NT/paul_letters/腓立比書.html,bible_study,1,2411,腓立比書 | 保羅書信 - 新約綜合解讀,UTF-8,1,,0,
bible_study/NT/paul_letters/腓利門書.html,bible_study,1,2408,腓利門書 | 保羅書信 - 新約綜合解讀,UTF-8,1,,0,
bible_study/NT/paul_letters/歌羅西書.html,bible_study,1,2410,歌羅西書 | 保羅書信 - 新約綜合解讀,UTF-8,1,,0,
bible_study/NT/paul_letters/羅馬書.html,bible_study,1,2395,羅馬書 | 保羅書信 - 新約綜合解讀,UTF-8,1,,0,
bible_study/NT/revelation/index.html,bible_study,1,2868,啟示錄 (1卷) | Revelation - 新約綜合解讀,UTF-8,1,,0,
bible_study/NT/revelation/啟示錄.html,bible_study,1,2390,啟示錄 | 啟示錄 - 新約綜合解讀,UTF-8,1,,0,
bible_study/nt_landing.html,bible_study,1,430,新約綜合解讀 (27卷) | 已移至 NT/index.html,UTF-8,0,,0,NO_H1
bible_study/original_text_real_integrated.html,bible_study,1,4519,原文研究真實版 - 完整數據庫整合,UTF-8,1,,0,
bible_study/OT/history/index.html,bible_study,1,4217,歷史書 (12卷) | History - 舊約綜合解讀,UTF-8,1,,0,
bible_study/OT/history/士師記.html,bible_study,1,2428,士師記 | 歷史書 - 舊約綜合解讀,UTF-8,1,,0,
bible_study/OT/history/以斯帖記.html,bible_study,1,2437,以斯帖記 | 歷史書 - 舊約綜合解讀,UTF-8,1,,0,
bible_study/OT/history/以斯拉記.html,bible_study,1,2438,以斯拉記 | 歷史書 - 舊約綜合解讀,UTF-8,1,,0,
bible_study/OT/history/尼希米記.html,bible_study,1,2442,尼希米記 | 歷史書 - 舊約綜合解讀,UTF-8,1,,0,
bible_study/OT/history/列王紀上.html,bible_study,1,2447,列王紀上 | 歷史書 - 舊約綜合解讀,UTF-8,1,,0,
bible_study/OT/history/列王紀下.html,bible_study,1,2444,列王紀下 | 歷史書 - 舊約綜合解讀,UTF-8,1,,0,
bible_study/OT/history/約書亞記.html,bible_study,1,2644,約書亞記 | 歷史書 - 舊約綜合解讀,UTF-8,1,,0,
bible_study/OT/history/路得記.html,bible_study,1,2425,路得記 | 歷史書 - 舊約綜合解讀,UTF-8,1,,0,
bible_study/OT/history/撒母耳記上.html,bible_study,1,2457,撒母耳記上 | 歷史書 - 舊約綜合解讀,UTF-8,1,,0,
bible_study/OT/history/撒母耳記下.html,bible_study,1,2448,撒母耳記下 | 歷史書 - 舊約綜合解讀,UTF-8,1,,0,
bible_study/OT/history/歷代志上.html,bible_study,1,2446,歷代志上 | 歷史書 - 舊約綜合解讀,UTF-8,1,,0,
bible_study/OT/history/歷代志下.html,bible_study,1,2446,歷代志下 | 歷史書 - 舊約綜合解讀,UTF-8,1,,0,
bible_study/OT/index.html,bible_study,1,5016,舊約綜合解讀 (39卷) | Old Testament Commentary,UTF-8,1,,0,
bible_study/OT/law/index.html,bible_study,1,4987,律法書 (5卷) | Law - 舊約綜合解讀,UTF-8,1,,0,
bible_study/OT/law/出埃及記.html,bible_study,1,2665,出埃及記 | 律法書 - 舊約綜合解讀,UTF-8,1,,0,
bible_study/OT/law/民數記.html,bible_study,1,2648,民數記 | 律法書 - 舊約綜合解讀,UTF-8,1,,0,
bible_study/OT/law/申命記.html,bible_study,1,2667,申命記 | 律法書 - 舊約綜合解讀,UTF-8,1,,0,
bible_study/OT/law/利未記.html,bible_study,1,2647,利未記 | 律法書 - 舊約綜合解讀,UTF-8,1,,0,
bible_study/OT/law/創世記.html,bible_study,1,3021,創世記 | 律法書 - 舊約綜合解讀,UTF-8,1,,0,
bible_study/OT/major_prophets/index.html,bible_study,1,2869,大先知書 | 舊約綜合解讀,UTF-8,1,,0,
bible_study/OT/major_prophets/以西結書.html,bible_study,1,2434,以西結書 | 大先知書 - 舊約綜合解讀,UTF-8,1,,0,
bible_study/OT/major_prophets/以賽亞書.html,bible_study,1,2433,以賽亞書 | 大先知書 - 舊約綜合解讀,UTF-8,1,,0,
bible_study/OT/major_prophets/但以理書.html,bible_study,1,2433,但以理書 | 大先知書 - 舊約綜合解讀,UTF-8,1,,0,
bible_study/OT/major_prophets/耶利米哀歌.html,bible_study,1,2450,耶利米哀歌 | 大先知書 - 舊約綜合解讀,UTF-8,1,,0,
bible_study/OT/major_prophets/耶利米書.html,bible_study,1,2435,耶利米書 | 大先知書 - 舊約綜合解讀,UTF-8,1,,0,
bible_study/OT/minor_prophets/index.html,bible_study,1,3405,小先知書 | 舊約綜合解讀,UTF-8,1,,0,
bible_study/OT/minor_prophets/西番雅書.html,bible_study,1,2435,西番雅書 | 小先知書 - 舊約綜合解讀,UTF-8,1,,0,
bible_study/OT/minor_prophets/何西阿書.html,bible_study,1,2432,何西阿書 | 小先知書 - 舊約綜合解讀,UTF-8,1,,0,
bible_study/OT/minor_prophets/那鴻書.html,bible_study,1,2419,那鴻書 | 小先知書 - 舊約綜合解讀,UTF-8,1,,0,
bible_study/OT/minor_prophets/阿摩司書.html,bible_study,1,2430,阿摩司書 | 小先知書 - 舊約綜合解讀,UTF-8,1,,0,
bible_study/OT/minor_prophets/俄巴底亞書.html,bible_study,1,2445,俄巴底亞書 | 小先知書 - 舊約綜合解讀,UTF-8,1,,0,
bible_study/OT/minor_prophets/哈巴谷書.html,bible_study,1,2434,哈巴谷書 | 小先知書 - 舊約綜合解讀,UTF-8,1,,0,
bible_study/OT/minor_prophets/哈該書.html,bible_study,1,2420,哈該書 | 小先知書 - 舊約綜合解讀,UTF-8,1,,0,
bible_study/OT/minor_prophets/約拿書.html,bible_study,1,2419,約拿書 | 小先知書 - 舊約綜合解讀,UTF-8,1,,0,
bible_study/OT/minor_prophets/約珥書.html,bible_study,1,2418,約珥書 | 小先知書 - 舊約綜合解讀,UTF-8,1,,0,
bible_study/OT/minor_prophets/瑪拉基書.html,bible_study,1,2433,瑪拉基書 | 小先知書 - 舊約綜合解讀,UTF-8,1,,0,
bible_study/OT/minor_prophets/撒迦利亞書.html,bible_study,1,2448,撒迦利亞書 | 小先知書 - 舊約綜合解讀,UTF-8,1,,0,
bible_study/OT/minor_prophets/彌迦書.html,bible_study,1,2419,彌迦書 | 小先知書 - 舊約綜合解讀,UTF-8,1,,0,
bible_study/OT/poetry/index.html,bible_study,1,2821,詩歌智慧書 | 舊約綜合解讀,UTF-8,1,,0,
bible_study/OT/poetry/約伯記.html,bible_study,1,2433,約伯記 | 詩歌智慧書 - 舊約綜合解讀,UTF-8,1,,0,
bible_study/OT/poetry/雅歌.html,bible_study,1,2424,雅歌 | 詩歌智慧書 - 舊約綜合解讀,UTF-8,1,,0,
bible_study/OT/poetry/傳道書.html,bible_study,1,2436,傳道書 | 詩歌智慧書 - 舊約綜合解讀,UTF-8,1,,0,
bible_study/OT/poetry/詩篇.html,bible_study,1,2428,詩篇 | 詩歌智慧書 - 舊約綜合解讀,UTF-8,1,,0,
bible_study/OT/poetry/箴言.html,bible_study,1,2426,箴言 | 詩歌智慧書 - 舊約綜合解讀,UTF-8,1,,0,
bible_study/ot_history_landing.html,bible_study,1,441,歷史書 (12卷) | 已移至 OT/history/index.html,UTF-8,0,,0,NO_H1
bible_study/ot_landing.html,bible_study,1,430,舊約綜合解讀 (39卷) | 已移至 OT/index.html,UTF-8,0,,0,NO_H1
bible_study/ot_law_landing.html,bible_study,1,424,律法書 (5卷) | 已移至 OT/law/index.html,UTF-8,0,,0,NO_H1
bible_study/ot_major_prophets_landing.html,bible_study,1,471,大先知書 (5卷) | 已移至 OT/major_prophets/index.html,UTF-8,0,,0,NO_H1
bible_study/ot_minor_prophets_landing.html,bible_study,1,472,小先知書 (12卷) | 已移至 OT/minor_prophets/index.html,UTF-8,0,,0,NO_H1
bible_study/ot_poetry_landing.html,bible_study,1,442,詩歌智慧書 (5卷) | 已移至 OT/poetry/index.html,UTF-8,0,,0,NO_H1
bible_study/parallel_mode_v2.html,bible_study,1,682,對照模式已併入 v3,UTF-8,0,,0,NO_H1
bible_study/parallel_mode_v3.html,bible_study,1,27758,聖經對照模式 v3（離線版）,UTF-8,0,,0,NO_H1
bible_study/reader.html,bible_study,1,15129,聖經閱覽器 - Bible100,UTF-8,0,,0,NO_H1
bible_study/reader_經文示範.html,bible_study,1,5184,聖經經文 - 創世記第1章,UTF-8,1,,0,
bible_study/refined_bible_reader.html,bible_study,1,37087,精讀聖經 - Bible100,UTF-8,0,,0,NO_H1
bible_study/search_reader.html,bible_study,1,21358,聖經搜索閱讀器,UTF-8,0,,0,NO_H1
bible_study/sidebar.html,bible_study,1,38336,聖經研讀 - Sidebar 完整版（無 JS 機關）,UTF-8,0,,0,
bible_study/simple-exegesis-reader.html,bible_study,1,30230,釋經閱讀器 - 簡化版,UTF-8,0,,0,NO_H1
bible_study/SOLUTION_解決方案.html,bible_study,1,11974,🎯 Sidebar 問題解決方案,UTF-8,1,SOLUTION,3,BROKEN_LINKS
bible_study/TEST_直接測試.html,bible_study,1,5080,🎯 直接測試 v3 Sidebar,UTF-8,1,test,0,
bible_study/timeline_viewer.html,bible_study,1,20434,聖經時間軸工具,UTF-8,1,,0,
bible_study/tools/db_analyzer.html,bible_study,1,8863,數據庫結構分析器 - Bible100,UTF-8,1,,0,
bible_study/tools/db_diagnosis.html,bible_study,1,5518,數據庫診斷工具 - Bible100,UTF-8,1,,0,
bible_study/tools/db_to_json_converter.html,bible_study,1,8139,數據庫轉 JSON 工具 - Bible100,UTF-8,1,,0,
bible_study/tools/test_tools.html,bible_study,1,1962,DB 工具檢查清單 - Bible100,UTF-8,1,test,0,
bible_study/unified_bible_reader.html,bible_study,0,,,,,,,FILE_MISSING
bible_study/versions/cnv.html,bible_study,1,8221,新譯本 - 聖經閱讀,UTF-8,1,,1,BROKEN_LINKS
bible_study/versions/kjv.html,bible_study,1,9118,King James Version (KJV) - Bible Reading,UTF-8,1,,0,
bible_study/versions/luzhenzhong.html,bible_study,1,8110,呂振中譯本 - 聖經閱讀,UTF-8,1,,1,BROKEN_LINKS
bible_study/versions/niv.html,bible_study,1,9230,New International Version (NIV) - Bible Reading,UTF-8,1,,0,
bible_study/versions/union.html,bible_study,1,8318,和合本 - 聖經閱讀,UTF-8,1,,1,BROKEN_LINKS
church_ministry/_landing/education.html,church_ministry,1,4408,教育事工中心,UTF-8,1,,0,
church_ministry/_landing/fellowship.html,church_ministry,1,4384,團契事工中心,UTF-8,1,,0,
church_ministry/_landing/research_development.html,church_ministry,1,18361,研究拓展 Research & Development,UTF-8,1,,0,
church_ministry/_landing/worship.html,church_ministry,1,4808,敬拜事工中心,UTF-8,1,,1,BROKEN_LINKS
church_ministry/activities-overview.html,church_ministry,1,8602,事工與專案管理（A 模組） - 教會事工,UTF-8,1,,0,
church_ministry/administration.html,church_ministry,1,3042,行政管理 - 教會事工平台,UTF-8,1,,0,
church_ministry/ai-and-compliance.html,church_ministry,1,13185,AI 決策輔助與合規擴展（第 4 階段） - 教會事工,UTF-8,1,,0,
church_ministry/community-overview.html,church_ministry,1,19063,社群與捐款人互動（C 模組） - 教會事工,UTF-8,1,,0,
church_ministry/custom-page-editor.html,church_ministry,1,10782,會眾入口自訂頁面 - 教會事工,UTF-8,1,,0,
church_ministry/dashboard.html,church_ministry,1,37584,教會事工儀表板 - Church Ministry Dashboard,UTF-8,1,,0,
church_ministry/functions/administration.html,church_ministry,1,3617,行政管理支持,UTF-8,1,,0,
church_ministry/functions/analytics.html,church_ministry,1,3656,数据分析中心,UTF-8,1,,0,
church_ministry/functions/connections.html,church_ministry,1,4444,模块连接,UTF-8,1,,3,BROKEN_LINKS
church_ministry/functions/content.html,church_ministry,1,8026,教會事工平台 - 內容頁面,UTF-8,1,,10,BROKEN_LINKS
church_ministry/functions/education.html,church_ministry,1,3590,灵命培育团队,UTF-8,1,,0,
church_ministry/functions/fellowship.html,church_ministry,1,3570,团契互动团队,UTF-8,1,,0,
church_ministry/functions/media.html,church_ministry,1,3644,媒体创作支持,UTF-8,1,,0,
church_ministry/functions/ministry_core.html,church_ministry,1,3977,教会事工核心 - 介绍页,UTF-8,1,,4,BROKEN_LINKS
church_ministry/functions/support.html,church_ministry,1,3619,系统支援,UTF-8,1,,0,
church_ministry/functions/worship.html,church_ministry,1,3567,敬拜事工团队,UTF-8,1,,0,
church_ministry/index.html,church_ministry,1,17194,教会事工中心 - Church Ministry Center,UTF-8,0,,5,NO_H1;BROKEN_LINKS
church_ministry/load_central_member_seed.html,church_ministry,1,32840,中央會友資料管理 - Bible100,UTF-8,1,,0,
church_ministry/media.html,church_ministry,1,4924,媒體創作 - 教會事工平台,UTF-8,1,,0,
church_ministry/ministry_core.html,church_ministry,1,11629,事工總覽 Ministry Overview,UTF-8,1,,0,
church_ministry/modules/activity/activity-management.html,church_ministry,1,42527,活動管理 - 教會事工平台,UTF-8,1,,0,
church_ministry/modules/activity/activity-reports.html,church_ministry,1,9981,活動管理統計報表,UTF-8,1,,0,
church_ministry/modules/administration/financial-management.html,church_ministry,1,11130,财务管理系统,UTF-8,1,,0,
church_ministry/modules/analytics/activity-performance.html,church_ministry,1,24656,活動績效評估 - 教會事工管理系統,UTF-8,1,,0,
church_ministry/modules/analytics/activity-statistics.html,church_ministry,1,15177,活動統計 - 教會事工平台,UTF-8,1,,0,
church_ministry/modules/analytics/advanced-reports.html,church_ministry,1,24856,高級報表生成 - 教會事工管理系統,UTF-8,1,,0,
church_ministry/modules/analytics/effectiveness-trends.html,church_ministry,1,15354,效果趨勢分析 - 教會事工管理系統,UTF-8,1,,0,
church_ministry/modules/analytics/financial-statistics.html,church_ministry,1,16727,財務統計 - 教會事工平台,UTF-8,1,,0,
church_ministry/modules/analytics/growth-trends.html,church_ministry,1,2251,增长趋势研究,UTF-8,1,,0,
church_ministry/modules/analytics/member-statistics.html,church_ministry,1,3798,会众统计分析,UTF-8,1,,0,
church_ministry/modules/analytics/ministry-performance.html,church_ministry,1,2872,事工成效评估,UTF-8,1,,0,
church_ministry/modules/analytics/participation-trends.html,church_ministry,1,11408,參與趨勢分析 - Participation Trends Analysis,UTF-8,1,,0,
church_ministry/modules/analytics/performance-evaluation.html,church_ministry,1,19658,績效評估 - 教會事工平台,UTF-8,1,,0,
church_ministry/modules/analytics/statistical-reports.html,church_ministry,1,11483,統計報表 - 教會事工平台,UTF-8,1,,0,
church_ministry/modules/analytics/trend-analysis.html,church_ministry,1,20075,趨勢分析 - 教會事工平台,UTF-8,1,,0,
church_ministry/modules/analytics/volunteer-performance.html,church_ministry,1,24334,志工績效評估 - 教會事工管理系統,UTF-8,1,,0,
church_ministry/modules/care/care-ministry.html,church_ministry,1,31243,關懷輔導管理 - 教會事工平台,UTF-8,1,,0,
church_ministry/modules/checkins/check-ins.html,church_ministry,1,20709,兒童報到 Check-Ins - 教會事工,UTF-8,1,,0,
church_ministry/modules/design/brand-design.html,church_ministry,1,20212,品牌設計 - 教會事工平台,UTF-8,1,,0,
church_ministry/modules/design/poster-design.html,church_ministry,1,18027,海報設計 - 教會事工平台,UTF-8,1,,0,
church_ministry/modules/design/promotional-materials.html,church_ministry,1,21333,宣傳材料 - 教會事工平台,UTF-8,1,,0,
church_ministry/modules/development/congregation-care.html,church_ministry,1,18583,會眾關懷 · 年度計劃與關懷看板 - Church Ministry,UTF-8,1,,0,
church_ministry/modules/development/development-plan.html,church_ministry,1,4407,发展计划管理,UTF-8,1,,0,
church_ministry/modules/development/discipleship-training.html,church_ministry,1,6329,門徒培訓管理 - 教會事工,UTF-8,1,,0,
church_ministry/modules/development/leadership-development.html,church_ministry,1,4564,领导力培养,UTF-8,1,,0,
church_ministry/modules/development/leadership-training.html,church_ministry,1,3685,领袖培训 - 课程时间轴,UTF-8,1,,0,
church_ministry/modules/development/small-group-multiplication.html,church_ministry,1,3320,小组倍增 - 树状图,UTF-8,1,,0,
church_ministry/modules/development/spiritual-growth.html,church_ministry,1,20357,灵命成长追踪 - Church Ministry,UTF-8,1,,0,
church_ministry/modules/development/spiritual-growth-tracking.html,church_ministry,1,3071,靈命成長追蹤 - 已合併,UTF-8,1,,0,
church_ministry/modules/development/youth-ministry-dev.html,church_ministry,1,3576,青年事工 - 社交媒体风格,UTF-8,1,,0,
church_ministry/modules/education/education-integrated.html,church_ministry,1,68374,教育事工完整系統 - Education Ministry,UTF-8,1,,0,
church_ministry/modules/education/education-management.html,church_ministry,1,31565,教育培訓管理 - 教會事工平台,UTF-8,1,,0,
church_ministry/modules/education/spiritual-growth.html,church_ministry,1,25991,灵命培育管理系统 - 专业版,UTF-8,1,,0,
church_ministry/modules/education/sunday-school.html,church_ministry,1,8760,主日學 Sunday School,UTF-8,1,,0,
church_ministry/modules/education/training-programs.html,church_ministry,1,9621,培訓課程 Training Programs,UTF-8,1,,0,
church_ministry/modules/equipment/equipment-management.html,church_ministry,1,10940,设备管理系统,UTF-8,1,,0,
church_ministry/modules/expansion/branch-management.html,church_ministry,1,2109,分堂管理,UTF-8,1,,0,
church_ministry/modules/expansion/church-planting.html,church_ministry,1,4624,植堂计划管理,UTF-8,1,,0,
church_ministry/modules/expansion/community-assessment.html,church_ministry,1,6605,社区调研 - 雷达图分析,UTF-8,1,,0,
church_ministry/modules/expansion/cross-cultural.html,church_ministry,1,11682,跨文化事工 - Church Ministry,UTF-8,1,,0,
church_ministry/modules/expansion/cross-cultural-ministry.html,church_ministry,1,2501,跨文化事工 - 已合併,UTF-8,1,,0,
church_ministry/modules/expansion/mission-expansion.html,church_ministry,1,2161,宣教拓展,UTF-8,1,,0,
church_ministry/modules/expansion/mission-opportunities.html,church_ministry,1,4748,宣教机会 - 世界地图,UTF-8,1,,0,
church_ministry/modules/expansion/new-ministry-planning.html,church_ministry,1,9045,新事工规划 - 看板管理,UTF-8,1,,0,
church_ministry/modules/expansion/outreach-strategy.html,church_ministry,1,6626,外展策略 - 区域地图视图,UTF-8,1,,0,
church_ministry/modules/fellowship/activity-management.html,church_ministry,1,19835,活動管理 - 教會事工管理系統,UTF-8,1,,0,
church_ministry/modules/fellowship/community-forum.html,church_ministry,1,40350,社群論壇 - 教會事工平台,UTF-8,1,,0,
church_ministry/modules/fellowship/fellowship-management.html,church_ministry,1,25073,团契管理系统 - 专业版,UTF-8,1,,0,
church_ministry/modules/fellowship/groups.html,church_ministry,1,66363,小組管理 - 教會事工平台,UTF-8,1,,0,
church_ministry/modules/fellowship/groups-reports.html,church_ministry,1,42325,小組管理報表 - 教會事工平台,UTF-8,1,,0,
church_ministry/modules/fellowship/index.html,church_ministry,1,20853,團契互動 - 教會事工平台,UTF-8,1,,0,
church_ministry/modules/fellowship/photo-album.html,church_ministry,1,36137,相簿管理 - 教會事工平台,UTF-8,1,,0,
church_ministry/modules/fellowship/small-groups.html,church_ministry,1,14141,小组事工管理,UTF-8,1,,0,
church_ministry/modules/fellowship/small-groups-integrated.html,church_ministry,1,69301,小组事工完整系统 - Small Groups Ministry,UTF-8,1,,0,
church_ministry/modules/fellowship/visitation.html,church_ministry,1,41240,探訪事工 - 教會事工平台,UTF-8,1,,0,
church_ministry/modules/fellowship/visitation-ministry.html,church_ministry,1,32918,探訪事工 - 教會事工平台,UTF-8,1,,0,
church_ministry/modules/fellowship/visitation-reports.html,church_ministry,1,41389,探訪報表 - 教會事工平台,UTF-8,1,,0,
church_ministry/modules/finance/finance-integrated.html,church_ministry,1,59591,財務事工完整系統 - Finance Ministry,UTF-8,1,,0,
church_ministry/modules/finance/finance-management.html,church_ministry,1,33818,財務管理 - 教會事工平台,UTF-8,1,,0,
church_ministry/modules/finance/finance-reports.html,church_ministry,1,28508,財務管理報表 - 教會事工平台,UTF-8,1,,0,
church_ministry/modules/innovation/best-practices.html,church_ministry,1,3805,最佳实践 - 案例画廊,UTF-8,1,,0,
church_ministry/modules/innovation/digital-transformation.html,church_ministry,1,3538,数字化转型 - 流程图,UTF-8,1,,0,
church_ministry/modules/innovation/innovation-projects.html,church_ministry,1,2141,创新项目管理,UTF-8,1,,0,
church_ministry/modules/innovation/new-media.html,church_ministry,1,7969,新媒体事工 - Church Ministry,UTF-8,1,,0,
church_ministry/modules/innovation/new-media-ministry.html,church_ministry,1,2400,新媒體事工 - 已合併,UTF-8,1,,0,
church_ministry/modules/innovation/smart-tools-dev.html,church_ministry,1,5611,智能工具开发 - 甘特图,UTF-8,1,,0,
church_ministry/modules/innovation/technology-apps.html,church_ministry,1,5749,新技术应用 - 应用商店,UTF-8,1,,0,
church_ministry/modules/innovation/technology-integration.html,church_ministry,1,2079,科技应用,UTF-8,1,,0,
church_ministry/modules/innovation/youth-innovation.html,church_ministry,1,2171,青年事工创新,UTF-8,1,,0,
church_ministry/modules/library/library-management.html,church_ministry,1,11071,图书管理系统,UTF-8,1,,0,
church_ministry/modules/media/ai-assistant.html,church_ministry,1,3794,AI助手管理,UTF-8,1,,0,
church_ministry/modules/media/audio-editing.html,church_ministry,1,16801,音頻編輯 - 教會事工平台,UTF-8,1,,0,
church_ministry/modules/media/audio-processing.html,church_ministry,1,16837,音頻處理 - 教會事工平台,UTF-8,1,,0,
church_ministry/modules/media/audio-team.html,church_ministry,1,38002,音响团队管理系统 - 专业版,UTF-8,1,,0,
church_ministry/modules/media/digital-ministry.html,church_ministry,1,6832,数位事工管理,UTF-8,1,,0,
church_ministry/modules/media/live-streaming.html,church_ministry,1,30380,视频直播管理系统 - 专业版,UTF-8,1,,0,
church_ministry/modules/media/mixing-production.html,church_ministry,1,16835,混音製作 - 教會事工平台,UTF-8,1,,0,
church_ministry/modules/media/recording-management.html,church_ministry,1,16684,錄音管理 - 教會事工平台,UTF-8,1,,0,
church_ministry/modules/media/video-production.html,church_ministry,1,30700,影片制作管理系统 - 专业版,UTF-8,1,,0,
church_ministry/modules/members/member-integrated.html,church_ministry,1,116880,會友事工完整系統 - Church Ministry,UTF-8,1,,0,
church_ministry/modules/mission/mission-ministry.html,church_ministry,1,40418,宣教事工 - 教會事工平台,UTF-8,1,,0,
church_ministry/modules/mission/mission-reports.html,church_ministry,1,49533,,,0,,0,EMPTY_TITLE;NO_H1
church_ministry/modules/research/activity-performance.html,church_ministry,1,24671,活動績效評估 - 教會事工管理系統,UTF-8,1,,0,
church_ministry/modules/research/activity-statistics.html,church_ministry,1,15189,活動統計 - 教會事工平台,UTF-8,1,,0,
church_ministry/modules/research/advanced-reports.html,church_ministry,1,24874,高級報表生成 - 教會事工管理系統,UTF-8,1,,0,
church_ministry/modules/research/effectiveness-trends.html,church_ministry,1,15369,效果趨勢分析 - 教會事工管理系統,UTF-8,1,,0,
church_ministry/modules/research/engagement-analysis.html,church_ministry,1,7020,参与度分析 - 数据仪表盘,UTF-8,1,,0,
church_ministry/modules/research/financial-statistics.html,church_ministry,1,16739,財務統計 - 教會事工平台,UTF-8,1,,0,
church_ministry/modules/research/growth-trends.html,church_ministry,1,16984,增長趨勢分析 - Growth Trends Analysis,UTF-8,1,,0,
church_ministry/modules/research/member-statistics.html,church_ministry,1,18072,會員統計 - 教會事工平台,UTF-8,1,,0,
church_ministry/modules/research/ministry-performance.html,church_ministry,1,21307,事工績效評估 - 教會事工管理系統,UTF-8,1,,0,
church_ministry/modules/research/participation-trends.html,church_ministry,1,11423,參與趨勢分析 - Participation Trends Analysis,UTF-8,1,,0,
church_ministry/modules/research/performance-evaluation.html,church_ministry,1,19670,績效評估 - 教會事工平台,UTF-8,1,,0,
church_ministry/modules/research/statistical-reports.html,church_ministry,1,11510,統計報表 - 教會事工平台,UTF-8,1,,0,
church_ministry/modules/research/trend-analysis.html,church_ministry,1,20087,趨勢分析 - 教會事工平台,UTF-8,1,,0,
church_ministry/modules/research/volunteer-performance.html,church_ministry,1,24349,志工績效評估 - 教會事工管理系統,UTF-8,1,,0,
church_ministry/modules/support/auto-update.html,church_ministry,1,1831,系统更新,UTF-8,1,,0,
church_ministry/modules/support/help-documentation.html,church_ministry,1,1482,帮助文档,UTF-8,1,,0,
church_ministry/modules/support/online-support.html,church_ministry,1,12674,在線支援 - Online Support,UTF-8,1,,0,
church_ministry/modules/support/remote-assistance.html,church_ministry,1,13078,遠程協助 - Remote Assistance,UTF-8,1,,0,
church_ministry/modules/support/smart-reminders.html,church_ministry,1,27337,智能提醒系統 - 教會事工管理系統,UTF-8,1,,0,
church_ministry/modules/support/system-integration.html,church_ministry,1,21574,系統整合中心 - 教會事工管理系統,UTF-8,1,,0,
church_ministry/modules/support/system-updates.html,church_ministry,1,14836,系統更新 - System Updates,UTF-8,1,,0,
church_ministry/modules/support/technical-support.html,church_ministry,1,4271,技术支援,UTF-8,1,,0,
church_ministry/modules/support/training-service.html,church_ministry,1,15538,培訓服務 - Training Service,UTF-8,1,,0,
church_ministry/modules/support/update-logs.html,church_ministry,1,16189,更新日誌 - Update Logs,UTF-8,1,,0,
church_ministry/modules/support/version-check.html,church_ministry,1,15764,版本檢查 - Version Check,UTF-8,1,,0,
church_ministry/modules/support/visitation.html,church_ministry,1,117853,探訪關懷管理系統 - 完整版,UTF-8,1,,0,
church_ministry/modules/support/visitation_mobile_demo.html,church_ministry,1,2415,探訪匯報（手機示範）,UTF-8,1,,0,
church_ministry/modules/support/visitation-care.html,church_ministry,1,39865,探访关怀管理系统 - 专业版,UTF-8,1,,0,
church_ministry/modules/support/workflow.html,church_ministry,1,13593,Workflow 跟進流程 - 教會事工管理系統,UTF-8,1,,0,
church_ministry/modules/tech/ai-assistant.html,church_ministry,1,18034,AI 助手 - 教會事工平台,UTF-8,1,,0,
church_ministry/modules/tech/automation-workflow.html,church_ministry,1,7931,自動化流程,UTF-8,1,,0,
church_ministry/modules/tech/smart-recommendation.html,church_ministry,1,11910,智能推薦 - 教會事工平台,UTF-8,1,,0,
church_ministry/modules/volunteer/volunteer-integrated.html,church_ministry,1,59434,志工事工完整系統 - Volunteer Ministry,UTF-8,1,,0,
church_ministry/modules/volunteer/volunteer-management.html,church_ministry,1,38860,義工管理 - 教會事工平台,UTF-8,1,,0,
church_ministry/modules/volunteer/volunteer-reports.html,church_ministry,1,6472,志工管理統計報表,UTF-8,1,,0,
church_ministry/modules/worship/attendance-management.html,church_ministry,1,19316,崇拜出席管理 - 教會事工管理系統,UTF-8,1,,1,BROKEN_LINKS
church_ministry/modules/worship/choir-team.html,church_ministry,1,10532,诗班团队管理 - 声部平衡器,UTF-8,1,,0,
church_ministry/modules/worship/congregational-songs.html,church_ministry,1,4945,会众诗歌管理,UTF-8,1,,0,
church_ministry/modules/worship/hospitality.html,church_ministry,1,12832,招待事奉管理 - 周历视图,UTF-8,1,,0,
church_ministry/modules/worship/instrument-team.html,church_ministry,1,20484,器乐团队管理系统,UTF-8,1,,0,
church_ministry/modules/worship/pulpit-ministry.html,church_ministry,1,35921,讲台事奉管理系统 - Church Ministry,UTF-8,1,,0,
church_ministry/modules/worship/sermon-notes-admin.html,church_ministry,1,3763,講道筆記模板 - 教會事工,UTF-8,1,,0,
church_ministry/modules/worship/sheet-music.html,church_ministry,1,22127,樂譜管理 Music Stand - 教會事工,UTF-8,1,,0,
church_ministry/modules/worship/song-library.html,church_ministry,1,14200,詩歌庫 Song Library,UTF-8,1,,0,
church_ministry/modules/worship/worship-integrated.html,church_ministry,1,69678,敬拜事工完整系统 - Worship Ministry,UTF-8,1,,0,
church_ministry/modules/worship/worship-management.html,church_ministry,1,34292,崇拜禮儀管理 - 教會事工平台,UTF-8,1,,0,
church_ministry/modules/worship/worship-reports.html,church_ministry,1,39081,崇拜禮儀報表 - 教會事工平台,UTF-8,1,,0,
church_ministry/modules/worship/worship-team-management.html,church_ministry,1,8735,敬拜团队管理,UTF-8,1,,0,
church_ministry/roadmap-overview.html,church_ministry,1,6607,建設路線圖總覽 - 教會事工,UTF-8,1,,0,
church_ministry/sidebar.html,church_ministry,1,16928,教會事工平台 - Church Ministry,UTF-8,0,,0,
church_ministry/support.html,church_ministry,1,2988,系統支援 - 教會事工平台,UTF-8,1,,0,
church_ministry/theme-settings.html,church_ministry,1,5777,Church Center 主題設定 - 教會事工,UTF-8,1,,0,
church_ministry/vision_and_plan.html,church_ministry,1,19322,教會事工願景與建設藍圖 Church Ministry Vision,UTF-8,1,,0,
church_ministry/visitation_standalone.html,church_ministry,1,5302,探访关怀管理系统 - 独立站,UTF-8,1,,0,
congregation/checkin-pre.html,congregation,1,5756,兒童預報到 - Church Center,UTF-8,1,,0,
congregation/index.html,congregation,1,11034,會眾入口 - Church Center,UTF-8,1,,0,
congregation/sermon-notes.html,congregation,1,5373,講道筆記 - Church Center,UTF-8,1,,0,
congregation/sidebar.html,congregation,1,1955,會眾入口 - 側欄,UTF-8,0,,0,
data/bibles/bible_comparison.html,data,1,3036,聖經對照閱讀器,UTF-8,0,,0,NO_H1
data/bibles/bible_reader_final.html,data,1,9735445,,,,,,SKIP_TOO_LARGE_OR_READ_ERROR
data/bibles/working_bible.html,data,1,18915,聖經閱讀器,UTF-8,1,,0,
data/cj/commentary_reader.html,data,1,9800057,,,,,,SKIP_TOO_LARGE_OR_READ_ERROR
data/cj/comprehensive_commentary_reader_final.html,data,1,227308,综合解读释经书 - 真实内容版,UTF-8,1,,0,
data/cj/real_commentary_reader.html,data,1,20571,綜合解读釋經書 - 真實內容閱讀器,UTF-8,1,,0,
data/cj/综合解读.html,data,1,227308,综合解读释经书 - 真实内容版,UTF-8,1,,0,
data/cj/综合解读阅读器.html,data,1,10399,综合解读阅读器 (已修复),UTF-8,1,,0,
data/通用版雙欄比較.html,data,1,5138,通用版雙欄比較,UTF-8,1,,0,
data/聖經版本、章節、經文、注釋.html,data,1,1877,,,0,,0,EMPTY_TITLE;NO_H1
data/雙欄聖經版本比較.html,data,1,1380,聖經研讀軟件 SPC 說明書,UTF-8,1,,0,
disciple_dynamics/c/doctrine_basics.html,disciple_dynamics,1,3194,基要真理 Basic Doctrines,UTF-8,1,,0,
disciple_dynamics/c/doctrine_basics_ch01.html,disciple_dynamics,1,1857,基要真理 第一課 聖經 ch01 Basic Doctrines Lesson 1 Scripture,UTF-8,1,,0,
disciple_dynamics/c/doctrine_basics_ch02.html,disciple_dynamics,1,1839,基要真理 第二課 神 ch02 Basic Doctrines Lesson 2 God,UTF-8,1,,0,
disciple_dynamics/c/doctrine_basics_ch03.html,disciple_dynamics,1,1865,基要真理 第三課 三位一體 ch03 Basic Doctrines Lesson 3 Trinity,UTF-8,1,,0,
disciple_dynamics/c/doctrine_basics_ch04.html,disciple_dynamics,1,1884,基要真理 第四課 耶穌基督 ch04 Basic Doctrines Lesson 4 Jesus Christ,UTF-8,1,,0,
disciple_dynamics/c/doctrine_basics_ch05.html,disciple_dynamics,1,1887,基要真理 第五課 耶穌的事工 ch05 Basic Doctrines Lesson 5 Jesus' Ministry,UTF-8,1,,0,
disciple_dynamics/c/doctrine_basics_ch06.html,disciple_dynamics,1,1861,基要真理 第六課 聖靈 ch06 Basic Doctrines Lesson 6 Holy Spirit,UTF-8,1,,0,
disciple_dynamics/c/doctrine_basics_ch07.html,disciple_dynamics,1,1891,基要真理 第七課 天使和魔鬼 ch07 Basic Doctrines Lesson 7 Angels and Demons,UTF-8,1,,0,
disciple_dynamics/c/doctrine_basics_ch08.html,disciple_dynamics,1,1839,基要真理 第八課 罪 ch08 Basic Doctrines Lesson 8 Sin,UTF-8,1,,0,
disciple_dynamics/c/doctrine_basics_ch09.html,disciple_dynamics,1,1849,基要真理 第九課 人 ch09 Basic Doctrines Lesson 9 Humanity,UTF-8,1,,0,
disciple_dynamics/c/doctrine_basics_ch10.html,disciple_dynamics,1,1885,基要真理 第十課 救恩（一） ch10 Basic Doctrines Lesson 10 Salvation (1),UTF-8,1,,0,
disciple_dynamics/c/doctrine_basics_ch11.html,disciple_dynamics,1,1891,基要真理 第十一課 救恩（二） ch11 Basic Doctrines Lesson 11 Salvation (2),UTF-8,1,,0,
disciple_dynamics/c/doctrine_basics_ch12.html,disciple_dynamics,1,1891,基要真理 第十二課 將來的事情 ch12 Basic Doctrines Lesson 12 Future Things,UTF-8,1,,0,
disciple_dynamics/c/doctrine_heresy.html,disciple_dynamics,1,3400,防備辯駁異端 Guard Against Heresies,UTF-8,1,,0,
disciple_dynamics/c/doctrine_heresy_ch01.html,disciple_dynamics,1,1961,防備辯駁異端 第一課 真理的準繩 ch01 Guard Against Heresies Lesson 1 Standard of Truth,UTF-8,1,,0,
disciple_dynamics/c/doctrine_heresy_ch02.html,disciple_dynamics,1,1965,防備辯駁異端 第二課 耶穌是基督 ch02 Guard Against Heresies Lesson 2 Jesus is the Christ,UTF-8,1,,0,
disciple_dynamics/c/doctrine_heresy_ch03.html,disciple_dynamics,1,1959,防備辯駁異端 第三課 聖經的警告 ch03 Guard Against Heresies Lesson 3 Bible's Warnings,UTF-8,1,,0,
disciple_dynamics/c/doctrine_heresy_ch04.html,disciple_dynamics,1,1977,防備辯駁異端 第四課 異端的特徵 ch04 Guard Against Heresies Lesson 4 Characteristics of Heresy,UTF-8,1,,0,
disciple_dynamics/c/doctrine_heresy_ch05.html,disciple_dynamics,1,2003,防備辯駁異端 第五課 異端的成因和入侵 ch05 Guard Against Heresies Lesson 5 Causes and Invasion of Heresy,UTF-8,1,,0,
disciple_dynamics/c/doctrine_heresy_ch06.html,disciple_dynamics,1,1971,防備辯駁異端 第六課 呼喊（常受主）派 ch06 Guard Against Heresies Lesson 6 Shouting Sect,UTF-8,1,,0,
disciple_dynamics/c/doctrine_heresy_ch07.html,disciple_dynamics,1,1981,防備辯駁異端 第七課 東方閃電（一） ch07 Guard Against Heresies Lesson 7 Eastern Lightning (1),UTF-8,1,,0,
disciple_dynamics/c/doctrine_heresy_ch08.html,disciple_dynamics,1,1981,防備辯駁異端 第八課 東方閃電（二） ch08 Guard Against Heresies Lesson 8 Eastern Lightning (2),UTF-8,1,,0,
disciple_dynamics/c/doctrine_heresy_ch09.html,disciple_dynamics,1,1933,防備辯駁異端 第九課 摩門教 ch09 Guard Against Heresies Lesson 9 Mormonism,UTF-8,1,,0,
disciple_dynamics/c/doctrine_heresy_ch10.html,disciple_dynamics,1,1973,防備辯駁異端 第十課 韓國異端（一） ch10 Guard Against Heresies Lesson 10 Korean Cults (1),UTF-8,1,,0,
disciple_dynamics/c/doctrine_heresy_ch11.html,disciple_dynamics,1,1979,防備辯駁異端 第十一課 韓國異端（二） ch11 Guard Against Heresies Lesson 11 Korean Cults (2),UTF-8,1,,0,
disciple_dynamics/c/doctrine_heresy_ch12.html,disciple_dynamics,1,1931,防備辯駁異端 第十二課 總結 ch12 Guard Against Heresies Lesson 12 Summary,UTF-8,1,,0,
disciple_dynamics/d/christian_family.html,disciple_dynamics,1,3545,基督化家庭 Christian Family,UTF-8,1,,0,
disciple_dynamics/d/christian_family_ch01.html,disciple_dynamics,1,1992,基督化家庭 第一課 一切從家庭開始 ch01 Christian Family Lesson 1 It All Starts with the Family,UTF-8,1,,0,
disciple_dynamics/d/christian_family_ch02.html,disciple_dynamics,1,1986,基督化家庭 第二課 基督徒的婚姻觀 ch02 Christian Family Lesson 2 Christian View of Marriage,UTF-8,1,,0,
disciple_dynamics/d/christian_family_ch03.html,disciple_dynamics,1,1954,基督化家庭 第三課 離開與連合 ch03 Christian Family Lesson 3 Leave and Cleave,UTF-8,1,,0,
disciple_dynamics/d/christian_family_ch04.html,disciple_dynamics,1,1970,基督化家庭 第四課 擇偶的預備 ch04 Christian Family Lesson 4 Preparation for Marriage,UTF-8,1,,0,
disciple_dynamics/d/christian_family_ch05.html,disciple_dynamics,1,1980,基督化家庭 第五課 從相識到相許 ch05 Christian Family Lesson 5 From Meeting to Engagement,UTF-8,1,,0,
disciple_dynamics/d/christian_family_ch06.html,disciple_dynamics,1,1970,基督化家庭 第六課 夫妻相愛之道 ch06 Christian Family Lesson 6 Husband and Wife Love,UTF-8,1,,0,
disciple_dynamics/d/christian_family_ch07.html,disciple_dynamics,1,1970,基督化家庭 第七課 夫妻溝通之道 ch07 Christian Family Lesson 7 Marital Communication,UTF-8,1,,0,
disciple_dynamics/d/christian_family_ch08.html,disciple_dynamics,1,2004,基督化家庭 第八課 婚姻中的磨煉與成長 ch08 Christian Family Lesson 8 Trials and Growth in Marriage,UTF-8,1,,0,
disciple_dynamics/d/christian_family_ch09.html,disciple_dynamics,1,1956,基督化家庭 第九課 基督徒父母 ch09 Christian Family Lesson 9 Christian Parents,UTF-8,1,,0,
disciple_dynamics/d/christian_family_ch10.html,disciple_dynamics,1,1960,基督化家庭 第十課 基督徒兒女 ch10 Christian Family Lesson 10 Christian Children,UTF-8,1,,0,
disciple_dynamics/d/christian_family_ch11.html,disciple_dynamics,1,1978,基督化家庭 第十一課 基督工人之家 ch11 Christian Family Lesson 11 Christian Worker Home,UTF-8,1,,0,
disciple_dynamics/d/christian_family_ch12.html,disciple_dynamics,1,2006,基督化家庭 第十二課 單身、離婚及再婚 ch12 Christian Family Lesson 12 Singleness Divorce Remarriage,UTF-8,1,,0,
disciple_dynamics/d/james.html,disciple_dynamics,1,3293,雅各書 James,UTF-8,1,,0,
disciple_dynamics/d/james_ch01.html,disciple_dynamics,1,1897,雅各書 第一課 作者與讀者 ch01 James Lesson 1 Author and Readers,UTF-8,1,,0,
disciple_dynamics/d/james_ch02.html,disciple_dynamics,1,1917,雅各書 第二課 忍受試煉的人有福了 ch02 James Lesson 2 Blessed in Trial,UTF-8,1,,0,
disciple_dynamics/d/james_ch03.html,disciple_dynamics,1,1923,雅各書 第三課 當試探按響門鈴時 ch03 James Lesson 3 When Temptation Knocks,UTF-8,1,,0,
disciple_dynamics/d/james_ch04.html,disciple_dynamics,1,1895,雅各書 第四課 行道三部曲 ch04 James Lesson 4 Doers of the Word,UTF-8,1,,0,
disciple_dynamics/d/james_ch05.html,disciple_dynamics,1,1899,雅各書 第五課 公平待人不偏心 ch05 James Lesson 5 No Favoritism,UTF-8,1,,0,
disciple_dynamics/d/james_ch06.html,disciple_dynamics,1,1893,雅各書 第六課 真信心的特質 ch06 James Lesson 6 Genuine Faith,UTF-8,1,,0,
disciple_dynamics/d/james_ch07.html,disciple_dynamics,1,1885,雅各書 第七課 制伏舌頭 ch07 James Lesson 7 Tame the Tongue,UTF-8,1,,0,
disciple_dynamics/d/james_ch08.html,disciple_dynamics,1,1903,雅各書 第八課 追求屬天的智慧 ch08 James Lesson 8 Heavenly Wisdom,UTF-8,1,,0,
disciple_dynamics/d/james_ch09.html,disciple_dynamics,1,1893,雅各書 第九課 降服在神面前 ch09 James Lesson 9 Submit to God,UTF-8,1,,0,
disciple_dynamics/d/james_ch10.html,disciple_dynamics,1,1913,雅各書 第十課 警告為富不仁者 ch10 James Lesson 10 Warning to the Rich,UTF-8,1,,0,
disciple_dynamics/d/james_ch11.html,disciple_dynamics,1,1923,雅各書 第十一課 在患難中要忍耐 ch11 James Lesson 11 Patience in Suffering,UTF-8,1,,0,
disciple_dynamics/d/james_ch12.html,disciple_dynamics,1,1913,雅各書 第十二課 禱告與勸勉 ch12 James Lesson 12 Prayer and Exhortation,UTF-8,1,,0,
disciple_dynamics/d/servant_quality.html,disciple_dynamics,1,3293,僕人的素質 Servant Quality,UTF-8,1,,0,
disciple_dynamics/d/servant_quality_ch01.html,disciple_dynamics,1,1934,僕人的素質 第一課 恩典為本 ch01 Servant Quality Lesson 1 Grace-Based,UTF-8,1,,0,
disciple_dynamics/d/servant_quality_ch02.html,disciple_dynamics,1,1960,僕人的素質 第二課 靈修和獨處 ch02 Servant Quality Lesson 2 Devotion and Solitude,UTF-8,1,,0,
disciple_dynamics/d/servant_quality_ch03.html,disciple_dynamics,1,1938,僕人的素質 第三課 讀經操練 ch03 Servant Quality Lesson 3 Bible Reading,UTF-8,1,,0,
disciple_dynamics/d/servant_quality_ch04.html,disciple_dynamics,1,1924,僕人的素質 第四課 禱告操練 ch04 Servant Quality Lesson 4 Prayer,UTF-8,1,,0,
disciple_dynamics/d/servant_quality_ch05.html,disciple_dynamics,1,1926,僕人的素質 第五課 禁食操練 ch05 Servant Quality Lesson 5 Fasting,UTF-8,1,,0,
disciple_dynamics/d/servant_quality_ch06.html,disciple_dynamics,1,1926,僕人的素質 第六課 敬拜操練 ch06 Servant Quality Lesson 6 Worship,UTF-8,1,,0,
disciple_dynamics/d/servant_quality_ch07.html,disciple_dynamics,1,1938,僕人的素質 第七課 披戴基督 ch07 Servant Quality Lesson 7 Put on Christ,UTF-8,1,,0,
disciple_dynamics/d/servant_quality_ch08.html,disciple_dynamics,1,1928,僕人的素質 第八課 持守貞潔 ch08 Servant Quality Lesson 8 Chastity,UTF-8,1,,0,
disciple_dynamics/d/servant_quality_ch09.html,disciple_dynamics,1,1928,僕人的素質 第九課 持守謙卑 ch09 Servant Quality Lesson 9 Humility,UTF-8,1,,0,
disciple_dynamics/d/servant_quality_ch10.html,disciple_dynamics,1,1932,僕人的素質 第十課 持守誠信 ch10 Servant Quality Lesson 10 Integrity,UTF-8,1,,0,
disciple_dynamics/d/servant_quality_ch11.html,disciple_dynamics,1,1942,僕人的素質 第十一課 持守知足 ch11 Servant Quality Lesson 11 Contentment,UTF-8,1,,0,
disciple_dynamics/d/servant_quality_ch12.html,disciple_dynamics,1,1928,僕人的素質 第十二課 持守仁愛 ch12 Servant Quality Lesson 12 Love,UTF-8,1,,0,
disciple_dynamics/d/spiritual_warfare.html,disciple_dynamics,1,3585,戰勝屬靈爭鬥 Spiritual Warfare,UTF-8,1,,0,
disciple_dynamics/d/spiritual_warfare_ch01.html,disciple_dynamics,1,1978,戰勝屬靈爭鬥 第一課 簡介四種世界觀 ch01 Spiritual Warfare Lesson 1 Four Worldviews,UTF-8,1,,0,
disciple_dynamics/d/spiritual_warfare_ch02.html,disciple_dynamics,1,1990,戰勝屬靈爭鬥 第二課 信徒的聖經世界觀 ch02 Spiritual Warfare Lesson 2 Biblical Worldview,UTF-8,1,,0,
disciple_dynamics/d/spiritual_warfare_ch03.html,disciple_dynamics,1,1966,戰勝屬靈爭鬥 第三課 信徒的權利 ch03 Spiritual Warfare Lesson 3 Believer Rights,UTF-8,1,,0,
disciple_dynamics/d/spiritual_warfare_ch04.html,disciple_dynamics,1,1996,戰勝屬靈爭鬥 第四課 信徒在基督裡的身份 ch04 Spiritual Warfare Lesson 4 Identity in Christ,UTF-8,1,,0,
disciple_dynamics/d/spiritual_warfare_ch05.html,disciple_dynamics,1,1994,戰勝屬靈爭鬥 第五課 戰勝屬靈仇敵 ch05 Spiritual Warfare Lesson 5 Overcome Spiritual Enemies,UTF-8,1,,0,
disciple_dynamics/d/spiritual_warfare_ch06.html,disciple_dynamics,1,2008,戰勝屬靈爭鬥 第六課 屬靈爭戰得勝之道（上） ch06 Spiritual Warfare Lesson 6 Way of Victory (1),UTF-8,1,,0,
disciple_dynamics/d/spiritual_warfare_ch07.html,disciple_dynamics,1,2008,戰勝屬靈爭鬥 第七課 屬靈爭戰得勝之道（下） ch07 Spiritual Warfare Lesson 7 Way of Victory (2),UTF-8,1,,0,
disciple_dynamics/d/spiritual_warfare_ch08.html,disciple_dynamics,1,2002,戰勝屬靈爭鬥 第八課 不畏被拒，克服焦慮 ch08 Spiritual Warfare Lesson 8 Rejection and Anxiety,UTF-8,1,,0,
disciple_dynamics/d/spiritual_warfare_ch09.html,disciple_dynamics,1,1982,戰勝屬靈爭鬥 第九課 走出靈性低潮 ch09 Spiritual Warfare Lesson 9 Out of Spiritual Low,UTF-8,1,,0,
disciple_dynamics/d/spiritual_warfare_ch10.html,disciple_dynamics,1,2002,戰勝屬靈爭鬥 第十課 主内得自由第一至二步 ch10 Spiritual Warfare Lesson 10 Freedom Steps 1-2,UTF-8,1,,0,
disciple_dynamics/d/spiritual_warfare_ch11.html,disciple_dynamics,1,1990,戰勝屬靈爭鬥 第十一課 主内得自由第三步 ch11 Spiritual Warfare Lesson 11 Freedom Step 3,UTF-8,1,,0,
disciple_dynamics/d/spiritual_warfare_ch12.html,disciple_dynamics,1,2008,戰勝屬靈爭鬥 第十二課 主内得自由第四至七步 ch12 Spiritual Warfare Lesson 12 Freedom Steps 4-7,UTF-8,1,,0,
disciple_dynamics/dashboard.html,disciple_dynamics,1,12402,門訓動力站 - 總覽 Disciple Dynamics Dashboard,UTF-8,1,,0,
disciple_dynamics/e/church_faces_1.html,disciple_dynamics,1,3481,教會面面觀（上） Church in Perspective Vol.1,UTF-8,1,,0,
disciple_dynamics/e/church_faces_1_ch01.html,disciple_dynamics,1,1988,教會面面觀（上） 第一課 基督是教會的頭 ch01 Church in Perspective Vol.1 Lesson 1 Christ the Head,UTF-8,1,,0,
disciple_dynamics/e/church_faces_1_ch02.html,disciple_dynamics,1,1980,教會面面觀（上） 第二課 恩賜、才幹 ch02 Church in Perspective Vol.1 Lesson 2 Gifts and Talents,UTF-8,1,,0,
disciple_dynamics/e/church_faces_1_ch03.html,disciple_dynamics,1,1960,教會面面觀（上） 第三課 肢體合一 ch03 Church in Perspective Vol.1 Lesson 3 Body Unity,UTF-8,1,,0,
disciple_dynamics/e/church_faces_1_ch04.html,disciple_dynamics,1,1986,教會面面觀（上） 第四課 身體的健康和保養 ch04 Church in Perspective Vol.1 Lesson 4 Body Health,UTF-8,1,,0,
disciple_dynamics/e/church_faces_1_ch05.html,disciple_dynamics,1,1980,教會面面觀（上） 第五課 神是我們的父 ch05 Church in Perspective Vol.1 Lesson 5 God Our Father,UTF-8,1,,0,
disciple_dynamics/e/church_faces_1_ch06.html,disciple_dynamics,1,1986,教會面面觀（上） 第六課 新郎與新婦 ch06 Church in Perspective Vol.1 Lesson 6 Bridegroom and Bride,UTF-8,1,,0,
disciple_dynamics/e/church_faces_1_ch07.html,disciple_dynamics,1,1998,教會面面觀（上） 第七課 弟兄姊妹一家人 ch07 Church in Perspective Vol.1 Lesson 7 Brothers and Sisters,UTF-8,1,,0,
disciple_dynamics/e/church_faces_1_ch08.html,disciple_dynamics,1,1978,教會面面觀（上） 第八課 最大的是愛 ch08 Church in Perspective Vol.1 Lesson 8 Greatest is Love,UTF-8,1,,0,
disciple_dynamics/e/church_faces_1_ch09.html,disciple_dynamics,1,2004,教會面面觀（上） 第九課 祭司的國度（一） ch09 Church in Perspective Vol.1 Lesson 9 Priestly Kingdom (1),UTF-8,1,,0,
disciple_dynamics/e/church_faces_1_ch10.html,disciple_dynamics,1,2006,教會面面觀（上） 第十課 祭司的國度（二） ch10 Church in Perspective Vol.1 Lesson 10 Priestly Kingdom (2),UTF-8,1,,0,
disciple_dynamics/e/church_faces_1_ch11.html,disciple_dynamics,1,2008,教會面面觀（上） 第十一課 屬靈的軍隊（一） ch11 Church in Perspective Vol.1 Lesson 11 Spiritual Army (1),UTF-8,1,,0,
disciple_dynamics/e/church_faces_1_ch12.html,disciple_dynamics,1,2008,教會面面觀（上） 第十二課 屬靈的軍隊（二） ch12 Church in Perspective Vol.1 Lesson 12 Spiritual Army (2),UTF-8,1,,0,
disciple_dynamics/e/church_faces_2.html,disciple_dynamics,1,3356,教會面面觀（下） Church in Perspective Vol.2,UTF-8,1,,0,
disciple_dynamics/e/church_faces_2_ch01.html,disciple_dynamics,1,2006,教會面面觀（下） 第一課 神的羊群 - 牧者活道 ch01 Church in Perspective Vol.2 Lesson 1 Sheep and Shepherd,UTF-8,1,,0,
disciple_dynamics/e/church_faces_2_ch02.html,disciple_dynamics,1,2020,教會面面觀（下） 第二課 神的羊群 - 牧者行道 ch02 Church in Perspective Vol.2 Lesson 2 Shepherd Walking the Word,UTF-8,1,,0,
disciple_dynamics/e/church_faces_2_ch03.html,disciple_dynamics,1,1980,教會面面觀（下） 第三課 餵養神的羊群 ch03 Church in Perspective Vol.2 Lesson 3 Feed the Sheep,UTF-8,1,,0,
disciple_dynamics/e/church_faces_2_ch04.html,disciple_dynamics,1,2012,教會面面觀（下） 第四課 牧者主持喪禮婚禮 ch04 Church in Perspective Vol.2 Lesson 4 Pastor Funerals Weddings,UTF-8,1,,0,
disciple_dynamics/e/church_faces_2_ch05.html,disciple_dynamics,1,1984,教會面面觀（下） 第五課 神的房屋（一） ch05 Church in Perspective Vol.2 Lesson 5 God House (1),UTF-8,1,,0,
disciple_dynamics/e/church_faces_2_ch06.html,disciple_dynamics,1,1984,教會面面觀（下） 第六課 神的房屋（二） ch06 Church in Perspective Vol.2 Lesson 6 God House (2),UTF-8,1,,0,
disciple_dynamics/e/church_faces_2_ch07.html,disciple_dynamics,1,1984,教會面面觀（下） 第七課 管家與財務 ch07 Church in Perspective Vol.2 Lesson 7 Steward and Finance,UTF-8,1,,0,
disciple_dynamics/e/church_faces_2_ch08.html,disciple_dynamics,1,1982,教會面面觀（下） 第八課 神的殿 - 聖潔 ch08 Church in Perspective Vol.2 Lesson 8 Temple Holiness,UTF-8,1,,0,
disciple_dynamics/e/church_faces_2_ch09.html,disciple_dynamics,1,1980,教會面面觀（下） 第九課 教會的紀律 ch09 Church in Perspective Vol.2 Lesson 9 Church Discipline,UTF-8,1,,0,
disciple_dynamics/e/church_faces_2_ch10.html,disciple_dynamics,1,1982,教會面面觀（下） 第十課 神的殿 - 敬拜 ch10 Church in Perspective Vol.2 Lesson 10 Temple Worship,UTF-8,1,,0,
disciple_dynamics/e/church_faces_2_ch11.html,disciple_dynamics,1,1994,教會面面觀（下） 第十一課 葡萄樹與枝子 ch11 Church in Perspective Vol.2 Lesson 11 Vine and Branches,UTF-8,1,,0,
disciple_dynamics/e/church_history_1.html,disciple_dynamics,1,3383,教會歷史精覽上冊 Church History Overview Vol.1,UTF-8,1,,0,
disciple_dynamics/e/church_history_1_ch01.html,disciple_dynamics,1,2047,教會歷史精覽上冊 第一課 第1-6步 耶路撒冷至中國 ch01 Church History Overview Vol.1 Lesson 1 Steps 1-6 Jerusalem to China,UTF-8,1,,0,
disciple_dynamics/e/church_history_1_ch02.html,disciple_dynamics,1,2019,教會歷史精覽上冊 第二課 第7-12步 使徒去至教會增長 ch02 Church History Overview Vol.1 Lesson 2 Steps 7-12,UTF-8,1,,0,
disciple_dynamics/e/church_history_1_ch03.html,disciple_dynamics,1,2041,教會歷史精覽上冊 第三課 第13-16步 看見十字架至君士坦丁堡 ch03 Church History Overview Vol.1 Lesson 3 Steps 13-16,UTF-8,1,,0,
disciple_dynamics/e/church_history_1_ch04.html,disciple_dynamics,1,2023,教會歷史精覽上冊 第四課 第17-23步 開大會至退隱沙漠 ch04 Church History Overview Vol.1 Lesson 4 Steps 17-23,UTF-8,1,,0,
disciple_dynamics/e/church_history_1_ch05.html,disciple_dynamics,1,2047,教會歷史精覽上冊 第五課 第24-28步 羅馬失陷至第一次扣中國門 ch05 Church History Overview Vol.1 Lesson 5 Steps 24-28,UTF-8,1,,0,
disciple_dynamics/e/church_history_1_ch06.html,disciple_dynamics,1,2029,教會歷史精覽上冊 第六課 第29-32步 伊斯蘭興起至去北方 ch06 Church History Overview Vol.1 Lesson 6 Steps 29-32,UTF-8,1,,0,
disciple_dynamics/e/church_history_1_ch07.html,disciple_dynamics,1,2041,教會歷史精覽上冊 第七課 第33-36步 大分裂至君士坦丁堡失陷 ch07 Church History Overview Vol.1 Lesson 7 Steps 33-36,UTF-8,1,,0,
disciple_dynamics/e/church_history_1_ch08.html,disciple_dynamics,1,2029,教會歷史精覽上冊 第八課 第37-41步 病態教會至拉回正路 ch08 Church History Overview Vol.1 Lesson 8 Steps 37-41,UTF-8,1,,0,
disciple_dynamics/e/church_history_1_ch09.html,disciple_dynamics,1,2005,教會歷史精覽上冊 第九課 第42-46步 戰爭至禁教 ch09 Church History Overview Vol.1 Lesson 9 Steps 42-46,UTF-8,1,,0,
disciple_dynamics/e/church_history_1_ch10.html,disciple_dynamics,1,2025,教會歷史精覽上冊 第十課 第47-52步 逃往美洲至去亞洲 ch10 Church History Overview Vol.1 Lesson 10 Steps 47-52,UTF-8,1,,0,
disciple_dynamics/e/church_history_2.html,disciple_dynamics,1,2767,教會歷史精覽下冊 Church History Overview Vol.2,UTF-8,1,,0,
disciple_dynamics/e/church_history_2_ch01.html,disciple_dynamics,1,1991,教會歷史精覽下冊 第一課 第53步 第四次叩門 ch01 Church History Overview Vol.2 Lesson 1 Step 53,UTF-8,1,,0,
disciple_dynamics/e/church_history_2_ch02.html,disciple_dynamics,1,2041,教會歷史精覽下冊 第二課 第54-57步 還是叩不開至傳教士來了 ch02 Church History Overview Vol.2 Lesson 2 Steps 54-57,UTF-8,1,,0,
disciple_dynamics/e/church_history_2_ch03.html,disciple_dynamics,1,2017,教會歷史精覽下冊 第三課 第58-61步 行醫至不安好心 ch03 Church History Overview Vol.2 Lesson 3 Steps 58-61,UTF-8,1,,0,
disciple_dynamics/e/church_history_2_ch04.html,disciple_dynamics,1,2029,教會歷史精覽下冊 第四課 第62-64步 砍下來至帝國變民國 ch04 Church History Overview Vol.2 Lesson 4 Steps 62-64,UTF-8,1,,0,
disciple_dynamics/e/church_history_2_ch05.html,disciple_dynamics,1,2035,教會歷史精覽下冊 第五課 第65-67步 在口岸生根至脫去洋服 ch05 Church History Overview Vol.2 Lesson 5 Steps 65-67,UTF-8,1,,0,
disciple_dynamics/e/church_history_2_ch06.html,disciple_dynamics,1,2029,教會歷史精覽下冊 第六課 第68-70步 靈火燃燒至國共內戰 ch06 Church History Overview Vol.2 Lesson 6 Steps 68-70,UTF-8,1,,0,
disciple_dynamics/e/church_management.html,disciple_dynamics,1,3641,教會管理實務 Church Management Practice,UTF-8,1,,0,
disciple_dynamics/e/church_management_ch01.html,disciple_dynamics,1,1992,教會管理實務 第一課 教會的管理模式 ch01 Church Management Practice Lesson 1 Church Management Model,UTF-8,1,,0,
disciple_dynamics/e/church_management_ch02.html,disciple_dynamics,1,1972,教會管理實務 第二課 教會的規章制度 ch02 Church Management Practice Lesson 2 Church Bylaws,UTF-8,1,,0,
disciple_dynamics/e/church_management_ch03.html,disciple_dynamics,1,2046,教會管理實務 第三課 領袖的資格、跌倒與恢復 ch03 Church Management Practice Lesson 3 Leaders Qualification Fall Restoration,UTF-8,1,,0,
disciple_dynamics/e/church_management_ch04.html,disciple_dynamics,1,2002,教會管理實務 第四課 以恩賜為本的人事搭配 ch04 Church Management Practice Lesson 4 Gift-Based Staffing,UTF-8,1,,0,
disciple_dynamics/e/church_management_ch05.html,disciple_dynamics,1,2016,教會管理實務 第五課 人才的培養、發揮與安排 ch05 Church Management Practice Lesson 5 Training and Deployment,UTF-8,1,,0,
disciple_dynamics/e/church_management_ch06.html,disciple_dynamics,1,2038,教會管理實務 第六課 敬拜、講道、培訓、宣教 ch06 Church Management Practice Lesson 6 Worship Preaching Training Mission,UTF-8,1,,0,
disciple_dynamics/e/church_management_ch07.html,disciple_dynamics,1,2036,教會管理實務 第七課 接待、團契、關懷、慈惠 ch07 Church Management Practice Lesson 7 Hospitality Fellowship Care Mercy,UTF-8,1,,0,
disciple_dynamics/e/church_management_ch08.html,disciple_dynamics,1,1966,教會管理實務 第八課 輔導事工 ch08 Church Management Practice Lesson 8 Counseling Ministry,UTF-8,1,,0,
disciple_dynamics/e/church_management_ch09.html,disciple_dynamics,1,1988,教會管理實務 第九課 如何開拓、建立教會 ch09 Church Management Practice Lesson 9 Church Planting,UTF-8,1,,0,
disciple_dynamics/e/church_management_ch10.html,disciple_dynamics,1,1976,教會管理實務 第十課 教會的財物管理 ch10 Church Management Practice Lesson 10 Church Finance,UTF-8,1,,0,
disciple_dynamics/e/church_management_ch11.html,disciple_dynamics,1,1990,教會管理實務 第十一課 婚喪節慶 ch11 Church Management Practice Lesson 11 Weddings Funerals Festivals,UTF-8,1,,0,
disciple_dynamics/e/church_management_ch12.html,disciple_dynamics,1,1994,教會管理實務 第十二課 文字事工與圖事 ch12 Church Management Practice Lesson 12 Publication Ministry,UTF-8,1,,0,
disciple_dynamics/e/corinthians1.html,disciple_dynamics,1,3504,哥林多前書 1 Corinthians,UTF-8,1,,0,
disciple_dynamics/e/corinthians1_ch01.html,disciple_dynamics,1,1945,哥林多前書 第一課 保羅與哥林多教會 ch01 1 Corinthians Lesson 1 Paul and Corinth,UTF-8,1,,0,
disciple_dynamics/e/corinthians1_ch02.html,disciple_dynamics,1,1949,哥林多前書 第二課 教會的黨派紛爭（一） ch02 1 Corinthians Lesson 2 Factions (1),UTF-8,1,,0,
disciple_dynamics/e/corinthians1_ch03.html,disciple_dynamics,1,1949,哥林多前書 第三課 教會的黨派紛爭（二） ch03 1 Corinthians Lesson 3 Factions (2),UTF-8,1,,0,
disciple_dynamics/e/corinthians1_ch04.html,disciple_dynamics,1,1923,哥林多前書 第四課 教會的混亂問題 ch04 1 Corinthians Lesson 4 Disorder,UTF-8,1,,0,
disciple_dynamics/e/corinthians1_ch05.html,disciple_dynamics,1,1911,哥林多前書 第五課 婚姻的問題 ch05 1 Corinthians Lesson 5 Marriage,UTF-8,1,,0,
disciple_dynamics/e/corinthians1_ch06.html,disciple_dynamics,1,2007,哥林多前書 第六課 自由與責任（一）- 祭物和偶像 ch06 1 Corinthians Lesson 6 Freedom and Responsibility (1),UTF-8,1,,0,
disciple_dynamics/e/corinthians1_ch07.html,disciple_dynamics,1,2007,哥林多前書 第七課 自由與責任（二）- 僕人與領袖 ch07 1 Corinthians Lesson 7 Freedom and Responsibility (2),UTF-8,1,,0,
disciple_dynamics/e/corinthians1_ch08.html,disciple_dynamics,1,1969,哥林多前書 第八課 敬拜的問題（一）- 蒙頭與聖餐 ch08 1 Corinthians Lesson 8 Worship (1),UTF-8,1,,0,
disciple_dynamics/e/corinthians1_ch09.html,disciple_dynamics,1,1951,哥林多前書 第九課 敬拜的問題（二）- 恩賜 ch09 1 Corinthians Lesson 9 Worship (2),UTF-8,1,,0,
disciple_dynamics/e/corinthians1_ch10.html,disciple_dynamics,1,1947,哥林多前書 第十課 敬拜的問題（三）- 愛 ch10 1 Corinthians Lesson 10 Worship (3),UTF-8,1,,0,
disciple_dynamics/e/corinthians1_ch11.html,disciple_dynamics,1,1977,哥林多前書 第十一課 敬拜的問題（四）- 講道與方言 ch11 1 Corinthians Lesson 11 Worship (4),UTF-8,1,,0,
disciple_dynamics/e/corinthians1_ch12.html,disciple_dynamics,1,1927,哥林多前書 第十二課 復活的問題 ch12 1 Corinthians Lesson 12 Resurrection,UTF-8,1,,0,
disciple_dynamics/e/nehemiah.html,disciple_dynamics,1,3431,尼希米記：重建與更新 Nehemiah: Rebuild and Renew,UTF-8,1,,0,
disciple_dynamics/e/nehemiah_ch01.html,disciple_dynamics,1,1900,尼希米記 第一課 概論 ch01 Nehemiah Lesson 1 Introduction,UTF-8,1,,0,
disciple_dynamics/e/nehemiah_ch02.html,disciple_dynamics,1,1952,尼希米記 第二課 重建始於禱告 ch02 Nehemiah Lesson 2 Rebuild Begins with Prayer,UTF-8,1,,0,
disciple_dynamics/e/nehemiah_ch03.html,disciple_dynamics,1,1936,尼希米記 第三課 回歸準備重建 ch03 Nehemiah Lesson 3 Return and Prepare,UTF-8,1,,0,
disciple_dynamics/e/nehemiah_ch04.html,disciple_dynamics,1,1934,尼希米記 第四課 齊心協力建城牆 ch04 Nehemiah Lesson 4 Build the Wall,UTF-8,1,,0,
disciple_dynamics/e/nehemiah_ch05.html,disciple_dynamics,1,1968,尼希米記 第五課 重建中的外患內憂 ch05 Nehemiah Lesson 5 External and Internal Trials,UTF-8,1,,0,
disciple_dynamics/e/nehemiah_ch06.html,disciple_dynamics,1,1932,尼希米記 第六課 領袖遭遇危機 ch06 Nehemiah Lesson 6 Leader in Crisis,UTF-8,1,,0,
disciple_dynamics/e/nehemiah_ch07.html,disciple_dynamics,1,1942,尼希米記 第七課 領袖事工原則 ch07 Nehemiah Lesson 7 Leadership Principles,UTF-8,1,,0,
disciple_dynamics/e/nehemiah_ch08.html,disciple_dynamics,1,1942,尼希米記 第八課 更新始於聖道 ch08 Nehemiah Lesson 8 Renewal from the Word,UTF-8,1,,0,
disciple_dynamics/e/nehemiah_ch09.html,disciple_dynamics,1,1934,尼希米記 第九課 委身誓守律法 ch09 Nehemiah Lesson 9 Commit to the Law,UTF-8,1,,0,
disciple_dynamics/e/nehemiah_ch10.html,disciple_dynamics,1,1932,尼希米記 第十課 投身振興聖城 ch10 Nehemiah Lesson 10 Revive the City,UTF-8,1,,0,
disciple_dynamics/e/nehemiah_ch11.html,disciple_dynamics,1,1928,尼希米記 第十一課 城牆奉獻典禮 ch11 Nehemiah Lesson 11 Dedication,UTF-8,1,,0,
disciple_dynamics/e/nehemiah_ch12.html,disciple_dynamics,1,1946,尼希米記 第十二課 鞏固更新成果 ch12 Nehemiah Lesson 12 Consolidate Renewal,UTF-8,1,,0,
disciple_dynamics/f/bss1.html,disciple_dynamics,1,3439,查經技巧（上） Bible Study Skills Part 1,UTF-8,1,,0,
disciple_dynamics/f/bss1_ch01.html,disciple_dynamics,1,1978,查經技巧（上） 第一課 人人樂查經 ch01 Bible Study Skills Part 1 Lesson 1 Everyone Can Study,UTF-8,1,,0,
disciple_dynamics/f/bss1_ch02.html,disciple_dynamics,1,1974,查經技巧（上） 第二課 查經的四個步驟 ch02 Bible Study Skills Part 1 Lesson 2 Four Steps,UTF-8,1,,0,
disciple_dynamics/f/bss1_ch03.html,disciple_dynamics,1,1944,查經技巧（上） 第三課 重複 ch03 Bible Study Skills Part 1 Lesson 3 Repetition,UTF-8,1,,0,
disciple_dynamics/f/bss1_ch04.html,disciple_dynamics,1,1938,查經技巧（上） 第四課 類比 ch04 Bible Study Skills Part 1 Lesson 4 Analogy,UTF-8,1,,0,
disciple_dynamics/f/bss1_ch05.html,disciple_dynamics,1,1940,查經技巧（上） 第五課 對比 ch05 Bible Study Skills Part 1 Lesson 5 Contrast,UTF-8,1,,0,
disciple_dynamics/f/bss1_ch06.html,disciple_dynamics,1,1968,查經技巧（上） 第六課 先因後果 ch06 Bible Study Skills Part 1 Lesson 6 Cause and Effect,UTF-8,1,,0,
disciple_dynamics/f/bss1_ch07.html,disciple_dynamics,1,1968,查經技巧（上） 第七課 先果後因 ch07 Bible Study Skills Part 1 Lesson 7 Effect and Cause,UTF-8,1,,0,
disciple_dynamics/f/bss1_ch08.html,disciple_dynamics,1,1938,查經技巧（上） 第八課 目的 ch08 Bible Study Skills Part 1 Lesson 8 Purpose,UTF-8,1,,0,
disciple_dynamics/f/bss1_ch09.html,disciple_dynamics,1,1942,查經技巧（上） 第九課 條件 ch09 Bible Study Skills Part 1 Lesson 9 Condition,UTF-8,1,,0,
disciple_dynamics/f/bss1_ch10.html,disciple_dynamics,1,1964,查經技巧（上） 第十課 問答 ch10 Bible Study Skills Part 1 Lesson 10 Question and Answer,UTF-8,1,,0,
disciple_dynamics/f/bss1_ch11.html,disciple_dynamics,1,1992,查經技巧（上） 第十一課 普遍到細節 ch11 Bible Study Skills Part 1 Lesson 11 General to Particular,UTF-8,1,,0,
disciple_dynamics/f/bss1_ch12.html,disciple_dynamics,1,1992,查經技巧（上） 第十二課 細節到普遍 ch12 Bible Study Skills Part 1 Lesson 12 Particular to General,UTF-8,1,,0,
disciple_dynamics/f/bss1_ch13.html,disciple_dynamics,1,1954,查經技巧（上） 第十三課 遞進 ch13 Bible Study Skills Part 1 Lesson 13 Progression,UTF-8,1,,0,
disciple_dynamics/f/bss1_ch14.html,disciple_dynamics,1,1966,查經技巧（上） 第十四課 應用問題 ch14 Bible Study Skills Part 1 Lesson 14 Application,UTF-8,1,,0,
disciple_dynamics/f/bss2.html,disciple_dynamics,1,3247,查經技巧（下） Bible Study Skills Part 2,UTF-8,1,,0,
disciple_dynamics/f/bss2_ch01.html,disciple_dynamics,1,1932,查經技巧（下） 第一課 分段 ch01 Bible Study Skills Part 2 Lesson 1 Outline,UTF-8,1,,0,
disciple_dynamics/f/bss2_ch02.html,disciple_dynamics,1,1966,查經技巧（下） 第二課 觀察上下文 ch02 Bible Study Skills Part 2 Lesson 2 Observe Context,UTF-8,1,,0,
disciple_dynamics/f/bss2_ch03.html,disciple_dynamics,1,1964,查經技巧（下） 第三課 觀察敘述 ch03 Bible Study Skills Part 2 Lesson 3 Observe Narrative,UTF-8,1,,0,
disciple_dynamics/f/bss2_ch04.html,disciple_dynamics,1,1942,查經技巧（下） 第四課 引言 ch04 Bible Study Skills Part 2 Lesson 4 Introduction,UTF-8,1,,0,
disciple_dynamics/f/bss2_ch05.html,disciple_dynamics,1,1966,查經技巧（下） 第五課 發展（一） ch05 Bible Study Skills Part 2 Lesson 5 Development (1),UTF-8,1,,0,
disciple_dynamics/f/bss2_ch06.html,disciple_dynamics,1,1966,查經技巧（下） 第六課 發展（二） ch06 Bible Study Skills Part 2 Lesson 6 Development (2),UTF-8,1,,0,
disciple_dynamics/f/bss2_ch07.html,disciple_dynamics,1,1938,查經技巧（下） 第七課 結論 ch07 Bible Study Skills Part 2 Lesson 7 Conclusion,UTF-8,1,,0,
disciple_dynamics/f/bss2_ch08.html,disciple_dynamics,1,2010,查經技巧（下） 第八課 引言、發展、結論 ch08 Bible Study Skills Part 2 Lesson 8 Intro Development Conclusion,UTF-8,1,,0,
disciple_dynamics/f/bss2_ch09.html,disciple_dynamics,1,1936,查經技巧（下） 第九課 提問 ch09 Bible Study Skills Part 2 Lesson 9 Questions,UTF-8,1,,0,
disciple_dynamics/f/bss2_ch10.html,disciple_dynamics,1,1970,查經技巧（下） 第十課 主題與要點 ch10 Bible Study Skills Part 2 Lesson 10 Theme and Points,UTF-8,1,,0,
disciple_dynamics/f/bss2_ch11.html,disciple_dynamics,1,1998,查經技巧（下） 第十一課 大綱與中心思想 ch11 Bible Study Skills Part 2 Lesson 11 Outline and Main Idea,UTF-8,1,,0,
disciple_dynamics/f/bss2_ch12.html,disciple_dynamics,1,1946,查經技巧（下） 第十二課 思想 ch12 Bible Study Skills Part 2 Lesson 12 Reflection,UTF-8,1,,0,
disciple_dynamics/f/preaching_intro.html,disciple_dynamics,1,3865,講道入門 Introduction to Preaching,UTF-8,1,,0,
disciple_dynamics/f/preaching_intro_ch01.html,disciple_dynamics,1,1965,講道入門 第一課 正確心態看講道 ch01 Introduction to Preaching Lesson 1 Right Attitude,UTF-8,1,,0,
disciple_dynamics/f/preaching_intro_ch02.html,disciple_dynamics,1,1959,講道入門 第二課 挑選經文按需要 ch02 Introduction to Preaching Lesson 2 Choose Text,UTF-8,1,,0,
disciple_dynamics/f/preaching_intro_ch03.html,disciple_dynamics,1,1953,講道入門 第三課 深入研經拆結構 ch03 Introduction to Preaching Lesson 3 Exegesis,UTF-8,1,,0,
disciple_dynamics/f/preaching_intro_ch04.html,disciple_dynamics,1,1979,講道入門 第四課 寫大綱中心思想 ch04 Introduction to Preaching Lesson 4 Outline and Main Idea,UTF-8,1,,0,
disciple_dynamics/f/preaching_intro_ch05.html,disciple_dynamics,1,1973,講道入門 第五課 通用原則共通處 ch05 Introduction to Preaching Lesson 5 General Principles,UTF-8,1,,0,
disciple_dynamics/f/preaching_intro_ch06.html,disciple_dynamics,1,1955,講道入門 第六課 設定主題定方向 ch06 Introduction to Preaching Lesson 6 Set Theme,UTF-8,1,,0,
disciple_dynamics/f/preaching_intro_ch07.html,disciple_dynamics,1,1963,講道入門 第七課 四大元素建大綱 ch07 Introduction to Preaching Lesson 7 Four Elements,UTF-8,1,,0,
disciple_dynamics/f/preaching_intro_ch08.html,disciple_dynamics,1,1963,講道入門 第八課 易明易記加例證 ch08 Introduction to Preaching Lesson 8 Illustrations,UTF-8,1,,0,
disciple_dynamics/f/preaching_intro_ch09.html,disciple_dynamics,1,1959,講道入門 第九課 充實應用提建議 ch09 Introduction to Preaching Lesson 9 Application,UTF-8,1,,0,
disciple_dynamics/f/preaching_intro_ch10.html,disciple_dynamics,1,1959,講道入門 第十課 完美終結需結論 ch10 Introduction to Preaching Lesson 10 Conclusion,UTF-8,1,,0,
disciple_dynamics/f/preaching_intro_ch11.html,disciple_dynamics,1,1969,講道入門 第十一課 吸引會眾設引言 ch11 Introduction to Preaching Lesson 11 Introduction,UTF-8,1,,0,
disciple_dynamics/f/preaching_intro_ch12.html,disciple_dynamics,1,1981,講道入門 第十二課 敘事文體的釋經 ch12 Introduction to Preaching Lesson 12 Narrative Exegesis,UTF-8,1,,0,
disciple_dynamics/f/preaching_intro_ch13.html,disciple_dynamics,1,1995,講道入門 第十三課 敘事文體的解經講道 ch13 Introduction to Preaching Lesson 13 Narrative Preaching,UTF-8,1,,0,
disciple_dynamics/f/preaching_intro_ch14.html,disciple_dynamics,1,1985,講道入門 第十四課 個人預備不可少 ch14 Introduction to Preaching Lesson 14 Personal Preparation,UTF-8,1,,0,
disciple_dynamics/f/preaching_intro_ch15.html,disciple_dynamics,1,1963,講道入門 第十五課 傳情達意要真誠 ch15 Introduction to Preaching Lesson 15 Sincerity,UTF-8,1,,0,
disciple_dynamics/g/barnabas_1.html,disciple_dynamics,1,2672,巴拿巴手冊（一）：屬靈同伴 Barnabas Vol.1 Spiritual Companion,UTF-8,1,,0,
disciple_dynamics/g/barnabas_1_ch01.html,disciple_dynamics,1,2050,巴拿巴手冊（一）屬靈同伴 第一課 第一冊 屬靈同伴 ch01 Barnabas Vol.1 Spiritual Companion Lesson 1 Book 1 Spiritual Companion,UTF-8,1,,0,
disciple_dynamics/g/barnabas_1_ch02.html,disciple_dynamics,1,2076,巴拿巴手冊（一）屬靈同伴 第二課 第二冊 發揮屬靈同伴的作用 ch02 Barnabas Vol.1 Spiritual Companion Lesson 2 Book 2 Role of Companion,UTF-8,1,,0,
disciple_dynamics/g/barnabas_1_ch03.html,disciple_dynamics,1,2078,巴拿巴手冊（一）屬靈同伴 第三課 第三冊 師徒傳承中的「保羅」角色 ch03 Barnabas Vol.1 Spiritual Companion Lesson 3 Book 3 Paul Role,UTF-8,1,,0,
disciple_dynamics/g/barnabas_1_ch04.html,disciple_dynamics,1,2090,巴拿巴手冊（一）屬靈同伴 第四課 第四冊 師徒傳承中的「提摩太」角色 ch04 Barnabas Vol.1 Spiritual Companion Lesson 4 Book 4 Timothy Role,UTF-8,1,,0,
disciple_dynamics/g/barnabas_1_ch05.html,disciple_dynamics,1,2036,巴拿巴手冊（一）屬靈同伴 第五課 第五冊 和睦之道 ch05 Barnabas Vol.1 Spiritual Companion Lesson 5 Book 5 Way of Peace,UTF-8,1,,0,
disciple_dynamics/g/barnabas_2.html,disciple_dynamics,1,2536,巴拿巴手冊（二）：發揮屬靈同伴的作用 Barnabas Vol.2 Role of Spiritual Companion,UTF-8,1,,0,
disciple_dynamics/g/barnabas_2_ch01.html,disciple_dynamics,1,2082,巴拿巴手冊（二）發揮屬靈同伴的作用 第一課 專題 屬靈同伴的作用 ch01 Barnabas Vol.2 Role of Companion Lesson 1 Topic Role of Companion,UTF-8,1,,0,
disciple_dynamics/g/barnabas_2_ch02.html,disciple_dynamics,1,2046,巴拿巴手冊（二）發揮屬靈同伴的作用 第二課 教導 勿彼此嫉妒等 ch02 Barnabas Vol.2 Role of Companion Lesson 2 Teaching,UTF-8,1,,0,
disciple_dynamics/g/barnabas_2_ch03.html,disciple_dynamics,1,2078,巴拿巴手冊（二）發揮屬靈同伴的作用 第三課 人物查經 迦勒與約書亞等 ch03 Barnabas Vol.2 Role of Companion Lesson 3 Character Study,UTF-8,1,,0,
disciple_dynamics/g/barnabas_2_ch04.html,disciple_dynamics,1,2094,巴拿巴手冊（二）發揮屬靈同伴的作用 第四課 建立 彼此負責的實際方法 ch04 Barnabas Vol.2 Role of Companion Lesson 4 Building Accountability,UTF-8,1,,0,
disciple_dynamics/g/barnabas_3.html,disciple_dynamics,1,2551,巴拿巴手冊（三）：師徒傳承中的「保羅」角色 Barnabas Vol.3 Paul Role in Mentoring,UTF-8,1,,0,
disciple_dynamics/g/barnabas_3_ch01.html,disciple_dynamics,1,2104,巴拿巴手冊（三）師徒傳承中的「保羅」角色 第一課 專題 師徒傳承與屬靈同伴 ch01 Barnabas Vol.3 Paul Role Lesson 1 Topic Mentoring,UTF-8,1,,0,
disciple_dynamics/g/barnabas_3_ch02.html,disciple_dynamics,1,2078,巴拿巴手冊（三）師徒傳承中的「保羅」角色 第二課 教導 當師傅的異象等 ch02 Barnabas Vol.3 Paul Role Lesson 2 Teaching,UTF-8,1,,0,
disciple_dynamics/g/barnabas_3_ch03.html,disciple_dynamics,1,2092,巴拿巴手冊（三）師徒傳承中的「保羅」角色 第三課 人物查經 摩西、耶穌 ch03 Barnabas Vol.3 Paul Role Lesson 3 Character Study,UTF-8,1,,0,
disciple_dynamics/g/barnabas_3_ch04.html,disciple_dynamics,1,2096,巴拿巴手冊（三）師徒傳承中的「保羅」角色 第四課 建立 師徒關係的困難與解決 ch04 Barnabas Vol.3 Paul Role Lesson 4 Building,UTF-8,1,,0,
disciple_dynamics/g/barnabas_4.html,disciple_dynamics,1,2585,巴拿巴手冊（四）：師徒傳承中的「提摩太」角色 Barnabas Vol.4 Timothy Role in Mentoring,UTF-8,1,,0,
disciple_dynamics/g/barnabas_4_ch01.html,disciple_dynamics,1,2127,巴拿巴手冊（四）師徒傳承中的「提摩太」角色 第一課 專題 提摩太與保羅角色 ch01 Barnabas Vol.4 Timothy Role Lesson 1 Topic Timothy and Paul,UTF-8,1,,0,
disciple_dynamics/g/barnabas_4_ch02.html,disciple_dynamics,1,2093,巴拿巴手冊（四）師徒傳承中的「提摩太」角色 第二課 教導 找保羅的好處等 ch02 Barnabas Vol.4 Timothy Role Lesson 2 Teaching,UTF-8,1,,0,
disciple_dynamics/g/barnabas_4_ch03.html,disciple_dynamics,1,2149,巴拿巴手冊（四）師徒傳承中的「提摩太」角色 第三課 人物查經 以利亞與以利沙、尼哥底母 ch03 Barnabas Vol.4 Timothy Role Lesson 3 Character Study,UTF-8,1,,0,
disciple_dynamics/g/barnabas_4_ch04.html,disciple_dynamics,1,2099,巴拿巴手冊（四）師徒傳承中的「提摩太」角色 第四課 建立 作基督門徒之路等 ch04 Barnabas Vol.4 Timothy Role Lesson 4 Building,UTF-8,1,,0,
disciple_dynamics/g/barnabas_5.html,disciple_dynamics,1,2795,巴拿巴手冊（五）：和睦之道 Barnabas Vol.5 Way of Peace,UTF-8,1,,0,
disciple_dynamics/g/barnabas_5_ch01.html,disciple_dynamics,1,2036,巴拿巴手冊（五）和睦之道 第一課 第一課 目標受阻生衝突 ch01 Barnabas Vol.5 Way of Peace Lesson 1 Lesson 1 Conflict,UTF-8,1,,0,
disciple_dynamics/g/barnabas_5_ch02.html,disciple_dynamics,1,2056,巴拿巴手冊（五）和睦之道 第二課 第二課 不逃避也不攻擊 ch02 Barnabas Vol.5 Way of Peace Lesson 2 Lesson 2 No Flight or Fight,UTF-8,1,,0,
disciple_dynamics/g/barnabas_5_ch03.html,disciple_dynamics,1,2042,巴拿巴手冊（五）和睦之道 第三課 第三課 同根生要榮耀神 ch03 Barnabas Vol.5 Way of Peace Lesson 3 Lesson 3 Glorify God,UTF-8,1,,0,
disciple_dynamics/g/barnabas_5_ch04.html,disciple_dynamics,1,2052,巴拿巴手冊（五）和睦之道 第四課 第四課 換角度又除樑木 ch04 Barnabas Vol.5 Way of Peace Lesson 4 Lesson 4 Remove the Plank,UTF-8,1,,0,
disciple_dynamics/g/barnabas_5_ch05.html,disciple_dynamics,1,2056,巴拿巴手冊（五）和睦之道 第五課 第五課 溫柔挽回管舌頭 ch05 Barnabas Vol.5 Way of Peace Lesson 5 Lesson 5 Gentle Restoration,UTF-8,1,,0,
disciple_dynamics/g/barnabas_5_ch06.html,disciple_dynamics,1,2048,巴拿巴手冊（五）和睦之道 第六課 第六課 和好計畫交給主 ch06 Barnabas Vol.5 Way of Peace Lesson 6 Lesson 6 Reconciliation,UTF-8,1,,0,
disciple_dynamics/g/barnabas_guide.html,disciple_dynamics,1,1673,巴拿巴手冊說明 Barnabas Handbook Guide,UTF-8,1,,0,
disciple_dynamics/index.html,disciple_dynamics,1,2378,門訓動力站 - Disciple Dynamics,UTF-8,1,,0,
disciple_dynamics/sidebar.html,disciple_dynamics,1,40398,門訓動力站 - 側邊欄 Disciple Dynamics Sidebar,UTF-8,0,,0,
doc_viewer/hymnology_practical/hymn-table.html,doc_viewer,1,7299,聖詩表格 - 實用聖詩學,UTF-8,0,,0,NO_H1
doc_viewer/index.html,doc_viewer,1,593,文檔檢視器 - Doc Viewer,UTF-8,0,,0,NO_H1
doc_viewer/viewer.html,doc_viewer,1,14249,文檔檢視器 - Doc Viewer,UTF-8,0,,0,NO_H1
doc_viewer/viewer-standalone.html,doc_viewer,1,1266225,,,,,,SKIP_TOO_LARGE_OR_READ_ERROR
docs/guides/图片优化操作指南.html,docs,1,25667,图片优化操作指南 - Bible100,UTF-8,1,,0,
docs/pages_AI/ai_agent_apps.html,docs,1,20367,AI Agent 工具 - 聖經遊戲應用開發,utf-8,0,,1,NO_H1;BROKEN_LINKS
docs/pages_AI/ai_lesson_plan.html,docs,1,15907,課程設計與活動（AI 協作備課）,utf-8,0,,1,NO_H1;BROKEN_LINKS
docs/pages_AI/ai_qa_system.html,docs,1,20985,AI 问答助手 - 圣经学习好帮手,UTF-8,1,,2,BROKEN_LINKS
docs/pages_AI/ai_quiz_generator.html,docs,1,35113,測驗生成器 - 聖經測驗作業,utf-8,0,,1,NO_H1;BROKEN_LINKS
docs/pages_AI/ai_text_to_image.html,docs,1,28877,文字轉圖片（聖經插圖／連環圖）,utf-8,0,,0,NO_H1
docs/pages_AI/ai_text_to_music.html,docs,1,40238,文字轉音樂 - 聖經詩歌創作,utf-8,0,,1,NO_H1;BROKEN_LINKS
docs/pages_AI/ai_text_to_speech.html,docs,1,29057,文字轉語音 - 聖經朗讀配音,utf-8,0,,1,NO_H1;BROKEN_LINKS
help/ai-chooser.html,help,1,3517,送給 AI - 選擇服務,UTF-8,1,,0,
help/bible100_curriculum_manual.html,help,1,47106,百步四寶總論手冊 · Bible 100 Steps Four Treasures Manual,UTF-8,1,,1,BROKEN_LINKS
help/church_ministry_manual.html,help,1,68193,教會事工操作手冊 · Church Ministry Manual,UTF-8,1,,0,
help/docs-hub.html,help,1,2997,架構與文檔中心 - Bible100,UTF-8,1,,0,
help/edit-website-guide.html,help,1,7320,如何編修本站網頁 — Bible100 使用指南,UTF-8,1,,0,
help/my-participation.html,help,1,7820,我的參與 - 輕量版,UTF-8,1,,0,
help/my-saved.html,help,1,2621,我的收藏 - 全站工具,UTF-8,1,,0,
help/tools-overview.html,help,1,6627,全站功能總覽表 - 工具 ▾ 總覽,UTF-8,1,,1,BROKEN_LINKS
help/translate.html,help,1,4940,翻譯 － 貼上網址後用沉浸式／Google 翻譯,UTF-8,1,,0,
hymn_management/copyright_management.html,hymn_management,1,10258,版权管理 - Hymn Management,UTF-8,1,copy,0,
hymn_management/dashboard.html,hymn_management,1,19729,聖詩管理 - 儀表板,UTF-8,1,,0,
hymn_management/dist/hymn_cloud_20260320-1620/hymn_management/copyright_management.html,hymn_management,1,10258,版权管理 - Hymn Management,UTF-8,1,copy,0,
hymn_management/dist/hymn_cloud_20260320-1620/hymn_management/dashboard.html,hymn_management,1,16044,聖詩管理 - 儀表板,UTF-8,1,,0,
hymn_management/dist/hymn_cloud_20260320-1620/hymn_management/hymn_content_welcome.html,hymn_management,1,9249,聖詩瀏覽系統 - 歡迎頁面,UTF-8,1,,0,
hymn_management/dist/hymn_cloud_20260320-1620/hymn_management/hymn_editor.html,hymn_management,1,22224,诗歌编辑器 - Hymn Management,UTF-8,1,,0,
hymn_management/dist/hymn_cloud_20260320-1620/hymn_management/hymn_learner.html,hymn_management,1,3798,互動式聖詩學習,UTF-8,1,,0,
hymn_management/dist/hymn_cloud_20260320-1620/hymn_management/hymn_playlist_browse.html,hymn_management,1,9657,詩歌播放列表 - 2015首瀏覽,UTF-8,1,,0,
hymn_management/dist/hymn_cloud_20260320-1620/hymn_management/hymn_playlist_unified.html,hymn_management,1,35440,崇拜詩歌流程建設器 - Hymn Management,UTF-8,1,,0,
hymn_management/dist/hymn_cloud_20260320-1620/hymn_management/hymn_search_interface.html,hymn_management,1,20057,聖詩智能搜索系統,UTF-8,1,,0,
hymn_management/dist/hymn_cloud_20260320-1620/hymn_management/hymn_sidebar_all.html,hymn_management,1,21436,所有聖詩目錄,UTF-8,0,,0,
hymn_management/dist/hymn_cloud_20260320-1620/hymn_management/hymn_template.html,hymn_management,1,13112,詩歌詳情 - 模範頁（hymnary.org 風格）,UTF-8,1,temp,0,
hymn_management/dist/hymn_cloud_20260320-1620/hymn_management/index.html,hymn_management,1,5706,聖詩管理系統 - 主頁面,UTF-8,0,,0,NO_H1
hymn_management/dist/hymn_cloud_20260320-1620/hymn_management/index_playlist.html,hymn_management,1,4655,詩歌播放列表管理,UTF-8,0,,4,NO_H1;BROKEN_LINKS
hymn_management/dist/hymn_cloud_20260320-1620/hymn_management/landing.html,hymn_management,1,8286,聖詩管理系統 - 首頁,UTF-8,1,,3,BROKEN_LINKS
hymn_management/dist/hymn_cloud_20260320-1620/hymn_management/playlist_placeholder.html,hymn_management,1,1013,詩歌詳情,UTF-8,0,,0,NO_H1
hymn_management/dist/hymn_cloud_20260320-1620/hymn_management/ppt_generator.html,hymn_management,1,25370,PPT 投影片生成器 - 詩歌大字幕,UTF-8,1,,0,
hymn_management/dist/hymn_cloud_20260320-1620/hymn_management/sidebar.html,hymn_management,1,7335,聖詩管理 - 側邊欄,UTF-8,0,,0,
hymn_management/dist/hymn_cloud_20260320-1620/hymn_management/sidebar_playlist.html,hymn_management,1,800126,,,,,,SKIP_TOO_LARGE_OR_READ_ERROR
hymn_management/dist/hymn_cloud_20260320-1620/hymn_management/temp_hymn.html,hymn_management,1,19520,已抽取詩歌預覽 - temp_hymn,UTF-8,1,temp,1,BROKEN_LINKS
hymn_management/dist/hymn_cloud_20260320-1620/hymn_management/temp_hymn_cloud.html,hymn_management,1,19520,已抽取詩歌預覽 - temp_hymn,UTF-8,1,temp,1,BROKEN_LINKS
hymn_management/dist/hymn_cloud_20260320-1620/index.html,hymn_management,1,47461,"Bible 100 Steps Four Treasures - 中文版 <small style=""color: #ccc; font-size: 9px;"">Bible 100 Steps Four Treasures - Chinese Version</small>",UTF-8,0,,18,NO_H1;BROKEN_LINKS
hymn_management/hymn/broken_hymns_page.html,hymn_management,1,2641212,,,,,,SKIP_TOO_LARGE_OR_READ_ERROR
hymn_management/hymn/broken_links_report.html,hymn_management,1,1038218,,,,,,SKIP_TOO_LARGE_OR_READ_ERROR
hymn_management/hymn/default_simple_sort_fixed.html,hymn_management,1,7760210,,,,,,SKIP_TOO_LARGE_OR_READ_ERROR
hymn_management/hymn/default_simple_sort_fixed_FIXED_2411.html,hymn_management,1,7760210,,,,,,SKIP_TOO_LARGE_OR_READ_ERROR
hymn_management/hymn/default_simple_sort_fixed_with_anchors - 複製.html,hymn_management,1,7210249,,,,複製,,SKIP_TOO_LARGE_OR_READ_ERROR
hymn_management/hymn/default_simple_sort_fixed_with_anchors.html,hymn_management,1,7210222,,,,,,SKIP_TOO_LARGE_OR_READ_ERROR
hymn_management/hymn/file_checker.html,hymn_management,1,8228,聖詩文件檢查工具,UTF-8,1,,0,
hymn_management/hymn/fix_2411_link.html,hymn_management,1,7101,2411鏈接修復工具,UTF-8,1,,0,
hymn_management/hymn/hymn.html,hymn_management,1,24899156,,,,,,SKIP_TOO_LARGE_OR_READ_ERROR
hymn_management/hymn/hymn_5hymnals_content.html,hymn_management,1,11584,聖詩系統 - 5本詩集整合內容,UTF-8,1,,0,
hymn_management/hymn/hymn_5hymnals_management/dashboard.html,hymn_management,1,16976,聖詩管理 - 儀表板,UTF-8,1,,0,
hymn_management/hymn/hymn_5hymnals_management/index.html,hymn_management,1,5481,聖詩管理系統 - 5本詩集整合,UTF-8,0,,0,NO_H1
hymn_management/hymn/hymn_5hymnals_management/sidebar.html,hymn_management,1,7859,聖詩管理 - 側邊欄,UTF-8,0,,0,
hymn_management/hymn/hymn_5hymnals_sidebar.html,hymn_management,1,7773,聖詩系統 - 5本詩集整合導航,utf-8,0,,0,
hymn_management/hymn/hymn_browse_index - 複製.html,hymn_management,1,16799,🎵 聖詩瀏覽系統,UTF-8,0,複製,0,NO_H1
hymn_management/hymn/hymn_browse_index.html,hymn_management,1,16799,🎵 聖詩瀏覽系統,UTF-8,0,,0,NO_H1
hymn_management/hymn/hymn_content_browse.html,hymn_management,1,17697,聖詩系統 - 5本詩集瀏覽內容,UTF-8,1,,0,
hymn_management/hymn/hymn_content_dashboard.html,hymn_management,1,47019,聖詩系統 - 智能數據庫記錄,UTF-8,1,,0,
hymn_management/hymn/hymn_cursor/hymn_cursor/pages/default_simple_sort_fixed.html,hymn_management,1,7802871,,,,,,SKIP_TOO_LARGE_OR_READ_ERROR
hymn_management/hymn/hymn_cursor/hymn_cursor/pages/hymn_browse_index.html,hymn_management,1,16799,🎵 聖詩瀏覽系統,UTF-8,0,,0,NO_H1
hymn_management/hymn/hymn_cursor/hymn_cursor/pages/hymn_main_index.html,hymn_management,1,14502,🎵 聖詩增強系統 - 主控制台,UTF-8,0,,1,NO_H1;BROKEN_LINKS
hymn_management/hymn/hymn_cursor/hymn_cursor/pages/main_homepage.html,hymn_management,1,124530,🎵 聖詩智能管理系統 - 主頁,UTF-8,15,,0,MULTI_H1
hymn_management/hymn/hymn_cursor/hymn_cursor/pages/smart_decomposition_interface.html,hymn_management,1,6280,🔍 智能分解系統 - 聖詩智能管理,UTF-8,1,,0,
hymn_management/hymn/hymn_cursor/hymn_cursor/ui/hymn_content_dashboard.html,hymn_management,1,47019,聖詩系統 - 智能數據庫記錄,UTF-8,1,,0,
hymn_management/hymn/hymn_cursor/hymn_cursor/ui/hymn_sidebar_all.html,hymn_management,1,12731,所有聖詩列表,utf-8,0,,0,
hymn_management/hymn/hymn_data_test.html,hymn_management,1,11738,聖詩數據解析測試 - 證明修復成功,UTF-8,1,test,0,
hymn_management/hymn/hymn_main_index.html,hymn_management,1,19322,🎵 聖詩增強系統 - 主控制台,UTF-8,0,,0,NO_H1
hymn_management/hymn/hymn_master_index.html,hymn_management,1,21748,聖詩總目錄 - 主索引,UTF-8,1,,0,
hymn_management/hymn/hymn_most_智能目录.html,hymn_management,1,47148,Hymn_Most 智能目录 (192首),UTF-8,1,,0,
hymn_management/hymn/hymn_sidebar_browse.html,hymn_management,1,26526,聖詩系統 - 5本詩集瀏覽,utf-8,0,,0,
hymn_management/hymn/hymn_sidebar_dashboard.html,hymn_management,1,5183,聖詩系統 - 儀表板導航,utf-8,0,,10,BROKEN_LINKS
hymn_management/hymn/hymn_with_frames.html,hymn_management,1,7377,聖詩系統 - 雙框架版本,UTF-8,0,,0,NO_H1
hymn_management/hymn/Hymnology/HYMN AS LITERATURE.html,hymn_management,1,669640,"The Distributed Proofreaders Canada e-book of The Hymn as Literature, by Jeremiah Bascom Reeves",UTF-8,3,,0,MULTI_H1
hymn_management/hymn/Hymns of the Faith  (HYMN STUDY) .html,hymn_management,1,8465,Hymns of the Faith&nbsp; (HYMN STUDY),big5,6,,0,MULTI_H1
hymn_management/hymn/index/ind_frame.html,hymn_management,1,956,&nbsp;&nbsp;&nbsp;&nbsp; ▲翋悝嫁肵蚔牁100跺◎??,utf-8,0,,0,NO_H1
hymn_management/hymn/index/Web Church/booktop.html,hymn_management,1,8107,Book Top,gb2312,0,,29,NO_H1;BROKEN_LINKS
hymn_management/hymn/index/Web Hymnology/LDS Hymn.html,hymn_management,1,49149,"Titles, Tunes, and Meters - LDS Church Music",utf-8,0,,0,NO_H1
hymn_management/hymn/index/Web Hymnology/web_hymnsite_page/File NWC/MG01-Classic-NWC/index.html,hymn_management,1,636,Local index,,1,,0,
hymn_management/hymn/index/Web Hymnology/web_hymnsite_page/File NWC/MG01-Classic-NWC/www.nil.es/rpajares/index.html,hymn_management,1,57684,Ficheros de m�sica cl�sica de Ram�n Pajares Box,ISO-8859-1,0,,0,NO_H1
hymn_management/hymn/index/Web Hymnology/web_hymnsite_page/File NWC/MG01-Classic-NWC/www.nil.es/rpajares/index_e.html,hymn_management,1,57468,Ramon Pajares Box's classical music files,ISO-8859-1,0,,0,NO_H1
hymn_management/hymn/index/Web Hymnology/web_hymnsite_page/File NWC/Piano and Vocal Music - NWC/index.html,hymn_management,1,5254,Local index - HTTrack Website Copier,iso-8859-1,1,,0,
hymn_management/hymn/index/Web Hymnology/web_hymnsite_page/File NWC/Piano and Vocal Music - NWC/www.geocities.com/Vienna/Choir/1724/index.html,hymn_management,1,47323,Classical Piano and Vocal Music,,1,,0,
hymn_management/hymn/index_hymn_web/hymn.files/_vti_cnf/header.html,hymn_management,1,1040,,,0,,0,EMPTY_TITLE;NO_H1
hymn_management/hymn/index_hymn_web/hymn.files/header.html,hymn_management,1,3486,,,0,,0,EMPTY_TITLE;NO_H1
hymn_management/hymn/index_hymn_web/hymn.html,hymn_management,1,23061314,,,,,,SKIP_TOO_LARGE_OR_READ_ERROR
hymn_management/hymn/link_analyzer.html,hymn_management,1,21740,聖詩鏈接分析器,UTF-8,2,,0,MULTI_H1
hymn_management/hymn/link_correction_report.html,hymn_management,1,889123,,,,,,SKIP_TOO_LARGE_OR_READ_ERROR
hymn_management/hymn/link_diagnostic.html,hymn_management,1,8894,聖詩鏈接診斷工具,UTF-8,1,,0,
hymn_management/hymn/link_fixer.html,hymn_management,1,11632,聖詩鏈接修復工具,UTF-8,1,,0,
hymn_management/hymn/test_links.html,hymn_management,1,3776,鏈接測試頁面,UTF-8,1,test,0,
hymn_management/hymn_content_welcome.html,hymn_management,1,9249,聖詩瀏覽系統 - 歡迎頁面,UTF-8,1,,0,
hymn_management/hymn_editor.html,hymn_management,1,22224,诗歌编辑器 - Hymn Management,UTF-8,1,,0,
hymn_management/hymn_learner.html,hymn_management,1,3798,互動式聖詩學習,UTF-8,1,,0,
hymn_management/hymn_playlist_browse.html,hymn_management,1,9657,詩歌播放列表 - 2015首瀏覽,UTF-8,1,,0,
hymn_management/hymn_playlist_unified.html,hymn_management,1,35440,崇拜詩歌流程建設器 - Hymn Management,UTF-8,1,,0,
hymn_management/hymn_search_interface.html,hymn_management,1,20057,聖詩智能搜索系統,UTF-8,1,,0,
hymn_management/hymn_sidebar_all.html,hymn_management,1,21436,所有聖詩目錄,UTF-8,0,,0,
hymn_management/hymn_template.html,hymn_management,1,13112,詩歌詳情 - 模範頁（hymnary.org 風格）,UTF-8,1,temp,0,
hymn_management/index.html,hymn_management,1,5706,聖詩管理系統 - 主頁面,UTF-8,0,,0,NO_H1
hymn_management/index_playlist.html,hymn_management,1,4655,詩歌播放列表管理,UTF-8,0,,0,NO_H1
hymn_management/landing.html,hymn_management,1,8286,聖詩管理系統 - 首頁,UTF-8,1,,0,
hymn_management/playlist_placeholder.html,hymn_management,1,1013,詩歌詳情,UTF-8,0,,0,NO_H1
hymn_management/ppt_generator.html,hymn_management,1,25370,PPT 投影片生成器 - 詩歌大字幕,UTF-8,1,,0,
hymn_management/sidebar.html,hymn_management,1,8060,聖詩管理 - 側邊欄,UTF-8,0,,0,
hymn_management/sidebar_playlist.html,hymn_management,1,800126,,,,,,SKIP_TOO_LARGE_OR_READ_ERROR
hymn_management/temp_hymn.html,hymn_management,1,808918,,,,temp,,SKIP_TOO_LARGE_OR_READ_ERROR
hymn_management/temp_hymn_cloud.html,hymn_management,1,19520,已抽取詩歌預覽 - temp_hymn,UTF-8,1,temp,0,
index.html,index.html,1,1183,Bible100 · 前往總站殼,UTF-8,0,,0,NO_H1
index_temp.html,index_temp.html,1,12198,Bible 100 v2.0 - 全站施工對標 (真．一題不漏版),UTF-8,0,temp,0,NO_H1
modules/module_ai_tools/index_module_ai_tools.html,modules,1,2,,,0,,0,EMPTY_TITLE;NO_H1
modules/module_bible_study/index_module_bible_study.html,modules,1,2,,,0,,0,EMPTY_TITLE;NO_H1
modules/module_church_ministry/index_module_church_ministry.html,modules,1,2,,,0,,0,EMPTY_TITLE;NO_H1
modules/module_hymn_management/index_module_hymn_management.html,modules,1,2,,,0,,0,EMPTY_TITLE;NO_H1
modules/module_nav_hub/index_module_nav_hub.html,modules,1,2,,,0,,0,EMPTY_TITLE;NO_H1
modules/module_school_management/index_module_school_management.html,modules,1,2,,,0,,0,EMPTY_TITLE;NO_H1
modules/module_search/index_module_search.html,modules,1,2,,,0,,0,EMPTY_TITLE;NO_H1
modules/module_smart_ministry/index_module_smart_ministry.html,modules,1,2,,,0,,0,EMPTY_TITLE;NO_H1
modules/module_visitation/index_module_visitation.html,modules,1,2,,,0,,0,EMPTY_TITLE;NO_H1
nav_hub/complete_user_manual.html,nav_hub,1,20260,📖 完整使用手册 - Bible100,UTF-8,1,,0,
nav_hub/dashboard.html,nav_hub,1,14070,目錄搜索中心 - 使用說明,UTF-8,1,,0,
nav_hub/data_backup_center.html,nav_hub,1,15714,💾 数据备份中心 - Bible100,UTF-8,1,,0,
nav_hub/documentation_center.html,nav_hub,1,33413,文档中心 - Bible100 Documentation Center,UTF-8,1,,0,
nav_hub/index.html,nav_hub,1,17029,目錄搜索中心 - TOC & Search Hub,UTF-8,1,,2,BROKEN_LINKS
nav_hub/quick_start_guide.html,nav_hub,1,16476,📚 快速入门指南 - Bible100,UTF-8,1,,0,
nav_hub/search-widget.html,nav_hub,1,7813,簡化搜索組件,UTF-8,0,,0,NO_H1
nav_hub/sidebar.html,nav_hub,1,37336,目錄搜索中心 - 側邊欄,UTF-8,0,,37,BROKEN_LINKS
nav_hub/sitemap_navigation.html,nav_hub,1,2221,导航中心 - Bible100,UTF-8,0,,0,NO_H1
nav_hub/user_testing_guide.html,nav_hub,1,33203,📋 用户测试指南,UTF-8,1,test,3,BROKEN_LINKS
nav_hub/优化工具完成报告.html,nav_hub,1,21859,优化工具完成报告 - Bible100,UTF-8,1,,0,
nav_hub/全站优化分析报告.html,nav_hub,1,28012,全站优化分析报告 - Bible100,UTF-8,1,,0,
nav_hub/最终优化报告.html,nav_hub,1,19175,最终优化报告 - Bible100,UTF-8,1,,0,
people/people_list.html,people,1,14162,人員總覽 - People,UTF-8,1,,0,
people/person_detail.html,people,1,3585,個人詳情 - 我的參與,UTF-8,0,,0,NO_H1
qna/index.html,qna,1,1393,聖經難題 Q&amp;A（全部來源＋iframe）,utf-8,0,,0,NO_H1
qna/index_file.html,qna,1,993,聖經難題 Q&amp;A（file:// 專用，無需 localhost）,utf-8,0,,0,NO_H1
qna/QNA.html,qna,1,1586,聖經難題 Q&amp;A,utf-8,0,,0,NO_H1
qna/qna_catalog.html,qna,1,13491,聖經與神學難題 Q&A - 目錄,UTF-8,1,,0,
qna/QNA_cloud.html,qna,1,1514,聖經難題 Q&amp;A（雲端版）,utf-8,0,,0,NO_H1
qna/qna_contents_default.html,qna,1,2624,聖經難題目錄（輕量版）,utf-8,0,,0,NO_H1
qna/qna_index_4layer.html,qna,1,1221,聖經難題 Q&amp;A（四層導航）,utf-8,0,,0,NO_H1
qna/qna_index_static.html,qna,1,1048,聖經難題 Q&amp;A（靜態版・全部來源）,utf-8,0,,0,NO_H1
qna/qna_sidebar_progressive.html,qna,1,7887,聖經難題目錄（分層載入）,utf-8,0,,0,
school_management/dashboard.html,school_management,1,20612,學校管理儀表板,UTF-8,0,,0,NO_H1
school_management/index.html,school_management,1,3089,學校管理系統 - School Management System,UTF-8,0,,0,NO_H1
school_management/load_school_seed.html,school_management,1,6253,載入學校管理示範資料,UTF-8,1,,0,
school_management/manage/activities/clubs.html,school_management,1,5424,社團管理 - Clubs,UTF-8,1,,0,
school_management/manage/activities/competitions.html,school_management,1,3166,競賽管理 - Competitions,UTF-8,1,,0,
school_management/manage/activities/index.html,school_management,1,7010,活動管理 - 學校管理系統,UTF-8,1,,0,
school_management/manage/activities_tabs.html,school_management,1,2494,活動管理 - 單頁多 Tab,UTF-8,0,,1,NO_H1;BROKEN_LINKS
school_management/manage/classes/index.html,school_management,1,6370,班級資料 · Class Info,UTF-8,1,,0,
school_management/manage/classes/subjects.html,school_management,1,5723,科目管理 · Subjects,UTF-8,1,,0,
school_management/manage/classes_tabs.html,school_management,1,2307,班級管理 - 單頁多 Tab,UTF-8,0,,1,NO_H1;BROKEN_LINKS
school_management/manage/communication/index.html,school_management,1,4046,溝通管理 - Communication,UTF-8,1,,0,
school_management/manage/communication/messaging.html,school_management,1,3179,內部訊息 - Internal Messaging,UTF-8,1,,0,
school_management/manage/communication/notices.html,school_management,1,3979,公告欄 - Notices,UTF-8,1,,0,
school_management/manage/communication/parent.html,school_management,1,3966,家長溝通 - Parent Communication,UTF-8,1,,0,
school_management/manage/communication_tabs.html,school_management,1,2672,溝通管理 - 單頁多 Tab,UTF-8,0,,1,NO_H1;BROKEN_LINKS
school_management/manage/courses/add.html,school_management,1,7747,新增課程 - Add Course,UTF-8,1,,0,
school_management/manage/courses/evaluation.html,school_management,1,6370,課程評估 - Course Evaluation,UTF-8,1,,0,
school_management/manage/courses/index.html,school_management,1,5872,課程列表 - Course Management,UTF-8,1,,0,
school_management/manage/courses/reports.html,school_management,1,8777,課程報表 - Course Reports,UTF-8,1,,0,
school_management/manage/courses/schedule.html,school_management,1,401,課程排程 - 已合併至課程管理,UTF-8,0,,0,NO_H1
school_management/manage/courses_tabs.html,school_management,1,2843,課程管理 - 單頁多 Tab,UTF-8,0,,0,NO_H1
school_management/manage/finance/income_expense.html,school_management,1,5823,收支管理 - Income & Expense,UTF-8,1,,0,
school_management/manage/finance/index.html,school_management,1,10122,财务管理,UTF-8,1,,1,BROKEN_LINKS
school_management/manage/finance/reports.html,school_management,1,4334,財務報表 - Finance Reports,UTF-8,1,,0,
school_management/manage/finance/tuition.html,school_management,1,7226,學費管理 - Tuition,UTF-8,1,,0,
school_management/manage/finance_tabs.html,school_management,1,2653,財務管理 - 單頁多 Tab,UTF-8,0,,1,NO_H1;BROKEN_LINKS
school_management/manage/grades/index.html,school_management,1,3370,成績管理 - Grade Management,UTF-8,1,,4,BROKEN_LINKS
school_management/manage/grades/progress.html,school_management,1,9198,進度追蹤 - 學校管理系統,UTF-8,1,,0,
school_management/manage/grades/reports.html,school_management,1,9577,成績報表 · Reports,UTF-8,1,,0,
school_management/manage/grades_tabs.html,school_management,1,2585,成績管理 - 單頁多 Tab,UTF-8,0,,1,NO_H1;BROKEN_LINKS
school_management/manage/module_integration.html,school_management,1,15236,跨模組整合 - 學校管理,UTF-8,1,,0,
school_management/manage/students/add.html,school_management,1,2578,新增學生 - Add Student,UTF-8,1,,0,
school_management/manage/students/analytics.html,school_management,1,4728,學生統計 - Student Analytics,UTF-8,1,,0,
school_management/manage/students/index.html,school_management,1,8281,學生資料 - Student Info,UTF-8,1,,0,
school_management/manage/students/reports.html,school_management,1,3060,學生報表 - Student Reports,UTF-8,1,,0,
school_management/manage/students_tabs.html,school_management,1,2727,學生管理 - 單頁多 Tab,UTF-8,0,,1,NO_H1;BROKEN_LINKS
school_management/manage/system/database.html,school_management,1,12521,数据库管理,UTF-8,1,,0,
school_management/manage/system/offline_tools.html,school_management,1,18108,離線工具與多校區／語言設定,UTF-8,1,,0,
school_management/manage/system_tabs.html,school_management,1,2516,系統 - 單頁多 Tab,UTF-8,0,,0,NO_H1
school_management/manage/teachers/analytics.html,school_management,1,4960,教學統計 - Teacher Analytics,UTF-8,1,,0,
school_management/manage/teachers/index.html,school_management,1,4155,教師管理 · Teacher Management,UTF-8,1,,0,
school_management/manage/teachers_tabs.html,school_management,1,2345,教師管理 - 單頁多 Tab,UTF-8,0,,1,NO_H1;BROKEN_LINKS
school_management/portal/er-diagram.html,school_management,1,4146,學校管理系統 ER 圖（簡化版 6 表）,UTF-8,1,,0,
school_management/portal/index.html,school_management,1,15729,學員入口 · 學校／主日學,UTF-8,1,,0,
school_management/portal/my_courses.html,school_management,1,2980,我的課程 - 學員入口,UTF-8,0,,0,NO_H1
school_management/portal/my_grades.html,school_management,1,3466,我的成績 - 學員入口,UTF-8,0,,0,NO_H1
school_management/portal/my_payments.html,school_management,1,3756,我的繳費 - 學員入口,UTF-8,0,,0,NO_H1
school_management/portal/usage.html,school_management,1,8911,功能與使用說明 - 學校管理系統,UTF-8,1,,0,
school_management/sidebar.html,school_management,1,5604,學校管理側邊欄,UTF-8,0,,0,
school_management/student_class_unified.html,school_management,1,20264,學生分班管理 - Student-Class（真實資料）,UTF-8,1,,0,
school_management/student_course_unified.html,school_management,1,24539,學生選課管理 - Student-Course（真實資料）,UTF-8,1,,0,
school_management/teacher_course_unified.html,school_management,1,25800,教師授課管理 - Teacher-Course（真實資料）,UTF-8,1,,0,
school_management/unified_management.html,school_management,1,2653,統一管理 - 單頁多 Tab,UTF-8,0,,0,NO_H1
search/dashboard.html,search,1,8460,全局搜索 - 仪表板,UTF-8,1,,6,BROKEN_LINKS
search/index.html,search,1,2192,全局搜索 - Bible100,UTF-8,0,,4,NO_H1;BROKEN_LINKS
search/sidebar.html,search,1,7364,全局搜索侧边栏,UTF-8,0,,9,BROKEN_LINKS
smart_ministry/_landing/ai_smart_ministry.html,smart_ministry,1,11325,AI智慧事奉 - 教導課程與路線圖,UTF-8,1,,0,
smart_ministry/_landing/ai_smart_ministry_infographic.html,smart_ministry,1,8589,AI智慧事奉 — 資訊圖（流程與支援體系）,UTF-8,1,,0,
smart_ministry/_landing/ai_tools.html,smart_ministry,1,2791,AI工具导览 - Smart Ministry,UTF-8,1,,0,
smart_ministry/_landing/talent_management.html,smart_ministry,1,2897,人才管理导览 - Smart Ministry,UTF-8,1,,0,
smart_ministry/ai_analytics_dashboard.html,smart_ministry,1,19022,AI 分析仪表板 - 智慧事奉,UTF-8,1,,0,
smart_ministry/ai_growth_tracker.html,smart_ministry,1,50395,智慧事奉 - AI成长追踪系统,UTF-8,2,,0,MULTI_H1
smart_ministry/ai_matching.html,smart_ministry,1,4348,AI智能配对 - 智慧事奉中心,UTF-8,1,,0,
smart_ministry/ai_pairing_landing.html,smart_ministry,1,9057,AI智能配对 - 理念與使用說明,UTF-8,1,,0,
smart_ministry/ai_performance_analyzer.html,smart_ministry,1,56253,智慧事奉 - AI事奉表现分析器,UTF-8,2,,0,MULTI_H1
smart_ministry/ai_smart_ministry_overview.html,smart_ministry,1,3475,AI智慧事奉 - 總覽 · AI Smart Ministry Overview,UTF-8,1,,0,
smart_ministry/ai_team_optimizer.html,smart_ministry,1,51458,智慧事奉 - AI团队协作优化器,UTF-8,1,,0,
smart_ministry/assessment.html,smart_ministry,1,21789,属灵恩赐测试 - 智慧事奉中心,UTF-8,1,,0,
smart_ministry/dashboard.html,smart_ministry,1,16674,智慧事奉中心 - 仪表板 · Dashboard,UTF-8,1,,0,
smart_ministry/data_collection.html,smart_ministry,1,12040,資料收集 - 智慧事奉中心,UTF-8,1,,0,
smart_ministry/index.html,smart_ministry,1,15509,智慧事奉中心 - Smart Ministry Center,UTF-8,0,,0,NO_H1
smart_ministry/landing.html,smart_ministry,1,28816,🤖 AI 智慧事奉路線圖 · AI Smart Ministry Journey,UTF-8,1,,0,
smart_ministry/matching.html,smart_ministry,1,15851,AI智能配对 - 智慧事奉中心,UTF-8,1,,0,
smart_ministry/mbti_test.html,smart_ministry,1,22697,MBTI 性格測驗 - 智慧事奉中心,UTF-8,1,test,0,
smart_ministry/module_connections.html,smart_ministry,1,5503,模块连接 - 智慧事奉中心,UTF-8,1,,0,
smart_ministry/questionnaire_system.html,smart_ministry,1,59802,智慧事奉 - 问卷系统,UTF-8,2,,0,MULTI_H1
smart_ministry/registration.html,smart_ministry,1,11407,信徒注册 - 智慧事奉中心,UTF-8,1,,0,
smart_ministry/sidebar.html,smart_ministry,1,12666,智慧事奉中心 - 侧边栏,UTF-8,0,,0,
smart_ministry/skills_expertise.html,smart_ministry,1,19169,技能專長 - 智慧事奉中心,UTF-8,1,,0,
smart_ministry/talent_acquisition.html,smart_ministry,1,6639,人才吸纳中心 - 智慧事奉中心,UTF-8,1,,0,
smart_ministry/talent_ministry_matching.html,smart_ministry,1,22476,人才事工配对 - Smart Ministry,UTF-8,1,,0,
smart_ministry/talent_skill_unified.html,smart_ministry,1,37725,人才技能管理 - Smart Ministry,UTF-8,1,,0,
smart_ministry/talent_tracking.html,smart_ministry,1,16895,人才發展追踪 - 智慧事奉中心,UTF-8,1,,0,
smart_ministry/test01_disc_test_grok.html,smart_ministry,1,16343,DISC 行為風格測驗 - 智慧事奉中心,UTF-8,1,test|grok,0,
smart_ministry/test02_shape_test_grok.html,smart_ministry,1,21093,SHAPE 事奉發現評估 - 智慧事奉中心,UTF-8,1,test|grok,0,
smart_ministry/test03_matching_mbti_grok.html,smart_ministry,1,8275,事奉配對建議 - 智慧事奉中心,UTF-8,1,test|grok,0,
smart_ministry/test04_spiritual_gifts_grok.html,smart_ministry,1,16136,屬靈恩賜調查 - 智慧事奉中心,UTF-8,1,test|grok,0,
smart_ministry/tests/auto_test.html,smart_ministry,1,4759,智慧事奉 - 自動測試,UTF-8,1,test|tests_dir,0,
smart_ministry/why_serve.html,smart_ministry,1,2993,為什麼教會要問恩賜與技能？ · Why gifts &amp; skills?,UTF-8,1,,0,
test/toc-test.html,test,1,873,TOC test,utf-8,1,test|tests_dir,0,
tests/global-tools-test.html,tests,1,1163,Global tools 自動測試,UTF-8,0,test|tests_dir,0,NO_H1
tests/toc-test.html,tests,1,1182,TOC 自動測試頁,UTF-8,1,test|tests_dir,0,
toc/index.html,toc,1,10563,Bible100 智能目錄系統,UTF-8,1,,0,
tools/html_editor.html,tools,1,11672,HTML 所見即所得編輯器 — Bible100 全站工具,UTF-8,1,,0,
tools/tools-dashboard.html,tools,1,3306,教會現資訊 - 工具總覽 Dashboard（全站功能總入口）,UTF-8,0,,0,NO_H1
tools/tools-overview-sidebar.html,tools,1,4679,工具 ▾ 總覽 - 側欄,UTF-8,0,,0,
training/training_overview.html,training,1,2044,培訓教材總覽 - training,UTF-8,1,,0,
translation_system/templates/sidebar_template.html,translation_system,1,2,,,0,temp,0,EMPTY_TITLE
translation_system/ui/admin_panel.html,translation_system,1,1,,,0,,0,EMPTY_TITLE;NO_H1
translation_system/ui/user_guide.html,translation_system,1,2,,,0,,0,EMPTY_TITLE;NO_H1
v2/index.html,v2,1,11257,Bible 100 v2.0 - 升級正式首頁 (Draft),UTF-8,0,,0,NO_H1
visitation/index.html,visitation,1,6930,探访关怀管理系统 - 独立站,UTF-8,1,,0,
visitation/visitation.html,visitation,1,45747,探访关怀管理系统 - 完整版,UTF-8,1,,0,
學校管理.html,學校管理.html,1,883,學校管理 · 即點即用,UTF-8,1,,0,
